{"type":"FeatureCollection","name":"bts_area","crs":{"type":"name","properties":{"name":"urn:ogc:def:crs:OGC:1.3:CRS84"}},"xy_coordinate_resolution":1e-07,"features":[{"type":"Feature","properties":{"id":16,"nama_kp":"KEBON JERUK","aj":"KEBAYORAN","nama_area":"KEBON JERUK","kd_kp":null,"kd_area":null},"geometry":{"type":"Polygon","coordinates":[[[106.7977804,-6.2030275],[106.7974861,-6.2033974],[106.797231,-6.2037863],[106.7970743,-6.2040395],[106.7967219,-6.2048966],[106.7963687,-6.2060059],[106.796134,-6.2069795],[106.7961141,-6.20731],[106.7960157,-6.2074658],[106.7958197,-6.2075432],[106.7926985,-6.2077208],[106.7923447,-6.207721],[106.7909704,-6.2074495],[106.7905381,-6.2073713],[106.790322,-6.2073906],[106.7900869,-6.2076248],[106.789694,-6.2079756],[106.7893213,-6.2083254],[106.7891052,-6.2084038],[106.7887322,-6.2083458],[106.7883792,-6.2080145],[106.7880644,-6.2077424],[106.7875343,-6.2070425],[106.787299,-6.2069452],[106.7868466,-6.2068671],[106.7860615,-6.2067901],[106.785217,-6.2067122],[106.7839413,-6.2066546],[106.783116,-6.2066752],[106.7830771,-6.2070841],[106.7832358,-6.2087576],[106.7833146,-6.2096135],[106.7834521,-6.2109947],[106.7835512,-6.2120264],[106.7834337,-6.212377],[106.7831194,-6.2129217],[106.7830199,-6.212973],[106.7825707,-6.2132334],[106.7821776,-6.2132135],[106.7812156,-6.2132924],[106.7799591,-6.2133322],[106.7788986,-6.2133911],[106.7781366,-6.2133834],[106.7778451,-6.213466],[106.7776321,-6.2136358],[106.777593,-6.2138006],[106.7775249,-6.214306],[106.7775643,-6.2146364],[106.7775644,-6.2149479],[106.7774681,-6.2152694],[106.7772502,-6.2157537],[106.7770563,-6.2160451],[106.776795,-6.2160754],[106.7760954,-6.2161129],[106.7752681,-6.2161696],[106.773901,-6.2163612],[106.7592651,-6.2176786],[106.7559894,-6.2185532],[106.7559492,-6.2185321],[106.7544595,-6.2187719],[106.7533679,-6.2189914],[106.7489984,-6.2176835],[106.7444104,-6.2176857],[106.7444112,-6.2194316],[106.7431004,-6.2196512],[106.7409163,-6.2203072],[106.7352365,-6.2203098],[106.7321779,-6.2190012],[106.7260611,-6.2194398],[106.7260613,-6.2200948],[106.7249687,-6.2203143],[106.7212555,-6.2209698],[106.7201667,-6.2279562],[106.717982,-6.2275211],[106.7147047,-6.2273034],[106.7109903,-6.224904],[106.7081504,-6.2251231],[106.7050909,-6.2238153],[106.6970086,-6.2242544],[106.6968259,-6.2242564],[106.6969135,-6.2240123],[106.6968944,-6.2238322],[106.6968802,-6.2237256],[106.6969417,-6.2236356],[106.6970602,-6.2236],[106.6971004,-6.2235312],[106.6971241,-6.2234365],[106.6970601,-6.2233133],[106.6969795,-6.2232493],[106.6968705,-6.2232091],[106.6967236,-6.2231973],[106.6966597,-6.2231594],[106.696572,-6.2230339],[106.6964487,-6.2229486],[106.6961668,-6.2227118],[106.6960174,-6.2225412],[106.6959487,-6.2224157],[106.6959344,-6.2222072],[106.6959344,-6.2220721],[106.6958609,-6.2219726],[106.6957187,-6.2218423],[106.6955457,-6.2217002],[106.6954486,-6.2216884],[106.6953633,-6.221743],[106.6952686,-6.2218472],[106.6951715,-6.2218994],[106.695027,-6.2218639],[106.6948374,-6.2217029],[106.6946075,-6.2213641],[106.6946027,-6.2212077],[106.6945695,-6.2210537],[106.6944794,-6.2208405],[106.6944178,-6.2207647],[106.6943707,-6.2207005],[106.6943103,-6.22063],[106.694168,-6.2205985],[106.6940889,-6.2205827],[106.6940494,-6.2205194],[106.6939861,-6.2203614],[106.6939544,-6.2201796],[106.6939148,-6.2200294],[106.6938832,-6.2200057],[106.6937567,-6.2200057],[106.6936935,-6.2200295],[106.6935591,-6.2199663],[106.693045,-6.2191997],[106.6930054,-6.2190733],[106.6930212,-6.2189389],[106.6930449,-6.218844],[106.6932266,-6.2187649],[106.6932977,-6.2186384],[106.6932819,-6.2185594],[106.6931712,-6.2184487],[106.693021,-6.2182749],[106.6929735,-6.2181326],[106.6929892,-6.2180378],[106.6930525,-6.2179745],[106.6933054,-6.2178954],[106.6935109,-6.2178241],[106.6937164,-6.2177766],[106.6938745,-6.2177766],[106.6941203,-6.2178914],[106.69431,-6.217915],[106.6944918,-6.2178201],[106.6946261,-6.2178279],[106.6948712,-6.2179306],[106.695061,-6.2180017],[106.6952903,-6.2181755],[106.695559,-6.2182624],[106.6956697,-6.2182623],[106.6957724,-6.2181674],[106.6959067,-6.2179777],[106.6961122,-6.2177246],[106.6963334,-6.2174005],[106.6966059,-6.2170687],[106.696761,-6.2168165],[106.6967997,-6.2165158],[106.6968577,-6.2161472],[106.6969158,-6.2158756],[106.6968964,-6.2157108],[106.6969254,-6.2154683],[106.6969738,-6.2151579],[106.6968572,-6.2147894],[106.6967019,-6.2144985],[106.6966145,-6.2139844],[106.6965754,-6.213354],[106.6965462,-6.2130825],[106.6966141,-6.2129272],[106.6967304,-6.2127817],[106.6967657,-6.212711],[106.6967717,-6.2126146],[106.6967114,-6.2125063],[106.696603,-6.2123558],[106.6965307,-6.2121872],[106.6965126,-6.2120668],[106.6965547,-6.2119584],[106.696663,-6.2118921],[106.6969881,-6.2117475],[106.6971507,-6.2116631],[106.6971807,-6.2115547],[106.6971686,-6.2114343],[106.6971325,-6.2113621],[106.6970723,-6.2113139],[106.697012,-6.2112959],[106.696699,-6.2113743],[106.6965605,-6.2114104],[106.6964701,-6.21129],[106.6964761,-6.2111335],[106.696452,-6.211001],[106.6962893,-6.2108686],[106.696181,-6.2108385],[106.6960244,-6.2108386],[106.6958679,-6.2108326],[106.6958016,-6.2108146],[106.6957715,-6.2107604],[106.6957955,-6.2106821],[106.6958256,-6.2105316],[106.6958436,-6.2103389],[106.6958397,-6.2102585],[106.6955847,-6.2100494],[106.6954852,-6.2099292],[106.6954831,-6.20978],[106.6955982,-6.2095566],[106.6955867,-6.2094531],[106.6956152,-6.2089961],[106.6955539,-6.2087347],[106.6952526,-6.2084671],[106.6950852,-6.2083835],[106.6951019,-6.2082663],[106.695244,-6.2080069],[106.695269,-6.207689],[106.6951183,-6.2072874],[106.6950512,-6.2070364],[106.695093,-6.2068273],[106.6952519,-6.2065929],[106.6952769,-6.2064423],[106.6951012,-6.2063587],[106.6947164,-6.2064593],[106.6944069,-6.2066686],[106.6942396,-6.2067774],[106.6941559,-6.2067523],[106.694114,-6.206677],[106.6941391,-6.2065264],[106.6942143,-6.2063005],[106.6942393,-6.2061666],[106.694164,-6.2060328],[106.6939046,-6.2059576],[106.6934444,-6.2058657],[106.693287,-6.2058014],[106.6931963,-6.2056906],[106.6929082,-6.2051165],[106.6930113,-6.2049686],[106.6930616,-6.2048847],[106.6938106,-6.2050154],[106.694442,-6.2051159],[106.6946367,-6.205099],[106.6947744,-6.2050519],[106.6948516,-6.2050183],[106.6948449,-6.204921],[106.6947877,-6.2045583],[106.694753,-6.2043674],[106.6945824,-6.2043328],[106.6944678,-6.2043089],[106.6943932,-6.2042476],[106.6943452,-6.2041623],[106.6943745,-6.2040691],[106.6945582,-6.2037546],[106.6945609,-6.2036773],[106.6945448,-6.2035973],[106.6944649,-6.2035174],[106.6944066,-6.2033906],[106.6944124,-6.2032781],[106.6944648,-6.2031422],[106.6945366,-6.2030626],[106.6946685,-6.2030606],[106.6948141,-6.2030508],[106.6948975,-6.2030062],[106.6949227,-6.2028179],[106.6949255,-6.2026184],[106.6948362,-6.2024035],[106.6947672,-6.2021764],[106.6947549,-6.2017872],[106.6947345,-6.2013776],[106.6947831,-6.2011829],[106.6948941,-6.2009826],[106.6949851,-6.2009299],[106.6952578,-6.2008819],[106.6954947,-6.2008507],[106.6957291,-6.2008219],[106.6959588,-6.2007931],[106.6961742,-6.2007883],[106.6962843,-6.2008146],[106.696378,-6.2007846],[106.6964586,-6.2008883],[106.6965036,-6.2006338],[106.6966607,-6.2004954],[106.6968618,-6.2004388],[106.6970251,-6.2003696],[106.697201,-6.2001433],[106.6973454,-6.1997599],[106.6974585,-6.1996467],[106.6975842,-6.1996278],[106.6977288,-6.1996969],[106.6979362,-6.1998414],[106.6981876,-6.1999355],[106.6983511,-6.200036],[106.6984265,-6.2001491],[106.6984077,-6.2003377],[106.6983538,-6.2004824],[106.69831,-6.2006627],[106.6983027,-6.2008794],[106.6983589,-6.2011327],[106.6984052,-6.2012545],[106.6984856,-6.2014152],[106.6985514,-6.201481],[106.6986269,-6.201498],[106.698756,-6.2014882],[106.6988851,-6.2014346],[106.6989946,-6.2013298],[106.6990506,-6.2012372],[106.6990725,-6.2011568],[106.6990213,-6.2010594],[106.6989994,-6.2008768],[106.6991839,-6.2008138],[106.6992501,-6.2006282],[106.6992647,-6.2004796],[106.6993402,-6.2003676],[106.6994303,-6.2003164],[106.6996397,-6.2001994],[106.699716,-6.2001541],[106.6998121,-6.2000494],[106.6997951,-6.1998233],[106.6999279,-6.1997016],[106.7000212,-6.1996535],[106.700154,-6.1995036],[106.7002925,-6.1992491],[106.7003791,-6.1990986],[106.7003911,-6.1989307],[106.7005099,-6.1988911],[106.7007308,-6.1989057],[106.7008262,-6.1988679],[106.7008938,-6.1987784],[106.7008301,-6.1985698],[106.7007664,-6.1984443],[106.7008621,-6.1983186],[106.7009922,-6.1982871],[106.7010939,-6.1983365],[106.70126,-6.1984396],[106.7013393,-6.1984725],[106.7014381,-6.19845],[106.7015562,-6.1983483],[106.7016788,-6.1982044],[106.7018232,-6.1981321],[106.7019717,-6.1980538],[106.702078,-6.1979795],[106.7022104,-6.197833],[106.7021743,-6.1977186],[106.7020458,-6.1976926],[106.701785,-6.1977368],[106.7015723,-6.197757],[106.7014619,-6.197761],[106.7013776,-6.1977289],[106.7013113,-6.1975805],[106.7012351,-6.1975103],[106.7011166,-6.1974602],[106.7010043,-6.1974502],[106.7008879,-6.1974683],[106.7007022,-6.1975672],[106.7005463,-6.1975861],[106.700549,-6.1974444],[106.7005489,-6.1973348],[106.700534,-6.1971535],[106.7004605,-6.1969736],[106.7004288,-6.1969346],[106.7003434,-6.1969104],[106.7003001,-6.1969336],[106.7001398,-6.1970592],[106.7000311,-6.197055],[106.6999857,-6.1969569],[106.7001239,-6.196786],[106.700376,-6.1966622],[106.7004398,-6.1965536],[106.7004414,-6.1964467],[106.7003777,-6.1964088],[106.7003277,-6.1963279],[106.7002794,-6.1962434],[106.7003293,-6.1961004],[106.700455,-6.1959548],[106.7005392,-6.1958181],[106.7005363,-6.1957396],[106.7004723,-6.1956844],[106.7003531,-6.1956059],[106.7002803,-6.1955158],[106.7002367,-6.1953501],[106.7002046,-6.1951728],[106.7002046,-6.1950827],[106.7004604,-6.1950011],[106.7006611,-6.1950796],[106.7007977,-6.1951289],[106.7009693,-6.1951492],[106.7011001,-6.1950998],[106.7012629,-6.1950299],[106.7014228,-6.194995],[106.7015052,-6.194939],[106.7015507,-6.1947813],[106.7015787,-6.1947007],[106.7016173,-6.1946902],[106.7014735,-6.1943258],[106.7010627,-6.1945905],[106.7010776,-6.1944767],[106.7011055,-6.194319],[106.7011816,-6.194137],[106.7012919,-6.1939429],[106.7013793,-6.1937679],[106.7014097,-6.1936271],[106.7014096,-6.1933951],[106.7013867,-6.1932658],[106.7012799,-6.1929456],[106.701398,-6.1929462],[106.7013941,-6.1926723],[106.7015392,-6.1888749],[106.7015959,-6.1883592],[106.7016821,-6.1881328],[106.7021348,-6.1877444],[106.7025768,-6.1873992],[106.7028787,-6.1873452],[106.7031159,-6.1872696],[106.703353,-6.1870646],[106.704032,-6.1861909],[106.7041613,-6.185986],[106.7044524,-6.1858888],[106.7050452,-6.1852848],[106.7166363,-6.1853544],[106.7170439,-6.1847613],[106.7173355,-6.1843369],[106.7180888,-6.1839469],[106.7187387,-6.1837466],[106.7190258,-6.1836455],[106.7197839,-6.1832126],[106.7200097,-6.1828655],[106.7204899,-6.1825451],[106.720857,-6.1821846],[106.7208566,-6.1818118],[106.7208558,-6.1810234],[106.7210596,-6.180529],[106.7214203,-6.180169],[106.7219285,-6.1796617],[106.7224931,-6.1789942],[106.723213,-6.1781399],[106.7237209,-6.1772321],[106.7242855,-6.1766314],[106.7249353,-6.1763376],[106.7259894,-6.1758611],[106.7263214,-6.1757403],[106.7267717,-6.1755765],[106.7272379,-6.175443],[106.7282034,-6.1755556],[106.7289529,-6.1749781],[106.7310852,-6.1713408],[106.7355254,-6.1700114],[106.7429186,-6.1657338],[106.7518821,-6.1669926],[106.7554224,-6.1705794],[106.7573272,-6.1739839],[106.7588214,-6.1750027],[106.7640763,-6.1768089],[106.7664416,-6.1782507],[106.7694988,-6.1794612],[106.7720373,-6.1811338],[106.7754403,-6.1818247],[106.7772681,-6.1826936],[106.7772602,-6.1820412],[106.7777185,-6.1820449],[106.7777177,-6.1805694],[106.7779091,-6.1805405],[106.7779185,-6.1800519],[106.7781003,-6.1800135],[106.7781767,-6.1796398],[106.7780044,-6.1795728],[106.7780137,-6.1791129],[106.7782052,-6.1790936],[106.7781859,-6.1789116],[106.7790092,-6.1789112],[106.7789898,-6.1783267],[106.7794397,-6.1783265],[106.7798128,-6.1783377],[106.7800668,-6.1783414],[106.7800677,-6.1800446],[106.7801209,-6.1803784],[106.7804017,-6.1808941],[106.7808759,-6.1817624],[106.7817485,-6.1833551],[106.7821697,-6.1841932],[106.7826477,-6.1851261],[106.7833565,-6.1850802],[106.7836468,-6.1821972],[106.7881079,-6.1821834],[106.7881948,-6.1815423],[106.7885017,-6.1814739],[106.7889413,-6.1813561],[106.7888008,-6.1809237],[106.7890055,-6.1808743],[106.789195,-6.1808742],[106.7893277,-6.1809159],[106.7899874,-6.1812152],[106.7903779,-6.1813743],[106.7904765,-6.1815145],[106.7905864,-6.1815751],[106.7924664,-6.1815513],[106.7926673,-6.1815702],[106.7926182,-6.1819381],[106.792679,-6.1822567],[106.7927435,-6.1824274],[106.7929483,-6.1825638],[106.7932024,-6.1827913],[106.7932744,-6.1829278],[106.7933162,-6.1830302],[106.7933504,-6.1832275],[106.7933581,-6.1835082],[106.7969209,-6.1834758],[106.7969328,-6.1842724],[106.7969788,-6.1853459],[106.7970097,-6.1863359],[106.7970329,-6.1870642],[106.7970637,-6.1879025],[106.7971019,-6.188536],[106.7971251,-6.1893098],[106.7971748,-6.1901519],[106.7972173,-6.1914567],[106.7972519,-6.1924619],[106.7972866,-6.1934482],[106.7973022,-6.1942106],[106.7973974,-6.1950033],[106.7975267,-6.1957847],[106.7976483,-6.1963194],[106.7978534,-6.1970969],[106.7980319,-6.1977265],[106.7983432,-6.1986254],[106.7987038,-6.1995356],[106.7991251,-6.2004457],[106.7995083,-6.2011419],[106.7992331,-6.2014505],[106.7991146,-6.2016836],[106.7990564,-6.2018977],[106.7989188,-6.2020344],[106.7985068,-6.2022877],[106.7983109,-6.2025209],[106.7979964,-6.2027742],[106.7977804,-6.2030275]]]}},{"type":"Feature","properties":{"id":17,"nama_kp":"MAMPANG","aj":"KEBAYORAN","nama_area":"BULUNGAN","kd_kp":null,"kd_area":null},"geometry":{"type":"Polygon","coordinates":[[[106.7974206,-6.2531665],[106.7994079,-6.2528429],[106.8007911,-6.2524654],[106.8020476,-6.2522447],[106.8033679,-6.2511127],[106.8042784,-6.2488499],[106.8057869,-6.2479379],[106.8082059,-6.2448895],[106.8102495,-6.2445116],[106.8130148,-6.2423421],[106.8151511,-6.2390729],[106.8173828,-6.2389149],[106.8207164,-6.240703],[106.8226967,-6.2403884],[106.8259347,-6.240292],[106.825875,-6.2445022],[106.8262231,-6.2481777],[106.8269802,-6.2532353],[106.8285877,-6.2596425],[106.8294699,-6.2621243],[106.8305391,-6.2630348],[106.8306673,-6.2669927],[106.8309199,-6.2689405],[106.830169,-6.2739056],[106.8301397,-6.2769525],[106.8269987,-6.2830181],[106.8239227,-6.2902288],[106.822412,-6.2940884],[106.8185464,-6.2927205],[106.8128411,-6.2923716],[106.8046567,-6.2926132],[106.7952593,-6.2927733],[106.795282,-6.2901383],[106.7954304,-6.2877714],[106.7956541,-6.2868381],[106.7957484,-6.2864613],[106.7957794,-6.2861157],[106.7958413,-6.2854556],[106.7959073,-6.2848428],[106.7959652,-6.284008],[106.7960611,-6.2828948],[106.7960978,-6.2821133],[106.7962423,-6.2815456],[106.7965262,-6.2804544],[106.7969731,-6.2795631],[106.7970824,-6.2790618],[106.7973032,-6.2784519],[106.7976042,-6.2773165],[106.7976995,-6.2768976],[106.7977485,-6.2764686],[106.7977502,-6.2760296],[106.7977302,-6.2744182],[106.7977107,-6.2736246],[106.7976577,-6.2724784],[106.7975624,-6.2710841],[106.7975097,-6.2702976],[106.7974204,-6.2688822],[106.7973698,-6.2682734],[106.7973293,-6.2676928],[106.7973542,-6.2673412],[106.7974,-6.2665144],[106.7974279,-6.2659819],[106.7974247,-6.2658172],[106.7974203,-6.2651009],[106.7973969,-6.2645183],[106.7973555,-6.2642581],[106.7972517,-6.2638322],[106.7969878,-6.2630217],[106.7967189,-6.2621669],[106.7966494,-6.2618113],[106.7966452,-6.2616255],[106.7966621,-6.2612377],[106.7968099,-6.2594485],[106.7970018,-6.2574804],[106.7970657,-6.2567581],[106.7972596,-6.2547548],[106.7974046,-6.2532619],[106.7974206,-6.2531665]]]}},{"type":"Feature","properties":{"id":6,"nama_kp":"SUNTER","aj":"PRIOK","nama_area":"TANJUNG PRIOK","kd_kp":"510","kd_area":"510"},"geometry":{"type":"Polygon","coordinates":[[[106.8648072,-6.1125312],[106.872632,-6.1085892],[106.8732411,-6.1031956],[106.8747813,-6.1035589],[106.8749707,-6.1026711],[106.8755562,-6.0998591],[106.8768754,-6.0937411],[106.8864857,-6.0953142],[106.893496,-6.0961223],[106.893134,-6.1089938],[106.8933016,-6.1160102],[106.8934918,-6.1221204],[106.8939382,-6.1295315],[106.8936838,-6.1307166],[106.8962604,-6.1308773],[106.9000667,-6.1300613],[106.9043841,-6.1300349],[106.9079118,-6.1292655],[106.9098619,-6.1296358],[106.9120915,-6.1312604],[106.9134845,-6.1315381],[106.9159441,-6.1303978],[106.9178231,-6.1289094],[106.918288,-6.1297686],[106.9182196,-6.1313021],[106.9178721,-6.132162],[106.9166427,-6.1332781],[106.9152978,-6.1351378],[106.9143485,-6.1381821],[106.9145386,-6.1438742],[106.9157023,-6.1478461],[106.9156799,-6.1489614],[106.9166639,-6.1605772],[106.9169461,-6.1652469],[106.9172254,-6.166176],[106.9175054,-6.1679415],[106.9177397,-6.1707525],[106.9180151,-6.17543],[106.9181212,-6.1755587],[106.9184196,-6.1807551],[106.9185053,-6.1828589],[106.9123037,-6.1827796],[106.9108223,-6.1828615],[106.9102203,-6.1824326],[106.9096732,-6.1821788],[106.9074247,-6.1809179],[106.9068647,-6.1806468],[106.9043795,-6.1797179],[106.9019288,-6.178776],[106.9012219,-6.1785592],[106.9011019,-6.1785008],[106.8992289,-6.1783514],[106.8988369,-6.1782354],[106.8981178,-6.1781066],[106.8965806,-6.1780517],[106.8963781,-6.1779485],[106.8955078,-6.1772295],[106.8934655,-6.1754469],[106.8920867,-6.1741293],[106.8912326,-6.1732859],[106.8839492,-6.1687572],[106.8823812,-6.1677758],[106.8804989,-6.1667601],[106.8791033,-6.1660932],[106.8801485,-6.1644635],[106.8814431,-6.1624372],[106.8799071,-6.1628965],[106.8787264,-6.1632196],[106.8769823,-6.1635969],[106.8753578,-6.1624297],[106.8737335,-6.1614101],[106.8709278,-6.1597065],[106.8602545,-6.1538676],[106.8611267,-6.152051],[106.8612613,-6.1506058],[106.8601256,-6.1497861],[106.8580859,-6.1486934],[106.8566086,-6.1400262],[106.8548576,-6.1305177],[106.8545824,-6.1274882],[106.8538453,-6.125469],[106.8577538,-6.1235729],[106.8651714,-6.1200964],[106.8648072,-6.1125312]]]}},{"type":"Feature","properties":{"id":12,"nama_kp":"MARUNDA","aj":"MARUNDA","nama_area":"MARUNDA","kd_kp":null,"kd_area":"530"},"geometry":{"type":"Polygon","coordinates":[[[106.8935003,-6.0961252],[106.8935946,-6.0953656],[106.9384284,-6.0945716],[106.939948,-6.0983675],[106.9408052,-6.103398],[106.9405391,-6.1256115],[106.9393202,-6.1420351],[106.9398935,-6.1476354],[106.9406616,-6.1594058],[106.9408421,-6.1672657],[106.9409666,-6.1842768],[106.9364144,-6.182287],[106.931485,-6.1826708],[106.9254184,-6.1836249],[106.9185053,-6.1828589],[106.9184196,-6.1807551],[106.9180151,-6.17543],[106.9177397,-6.1707525],[106.9175054,-6.1679415],[106.9172254,-6.166176],[106.9169461,-6.1652469],[106.9166639,-6.1605772],[106.9156799,-6.1489614],[106.9157023,-6.1478461],[106.9145386,-6.1438742],[106.9143485,-6.1381821],[106.9152978,-6.1351378],[106.9166427,-6.1332781],[106.9178721,-6.132162],[106.9182196,-6.1313021],[106.918288,-6.1297686],[106.9178231,-6.1289094],[106.9159441,-6.1303978],[106.9134845,-6.1315381],[106.9120915,-6.1312604],[106.9098619,-6.1296358],[106.9079118,-6.1292655],[106.9043841,-6.1300349],[106.9000667,-6.1300613],[106.8962604,-6.1308773],[106.8936838,-6.1307166],[106.8939382,-6.1295315],[106.8934918,-6.1221204],[106.8933016,-6.1160102],[106.8932283,-6.1120585],[106.893134,-6.1089938],[106.8935003,-6.0961252]]]}},{"type":"Feature","properties":{"id":18,"nama_kp":"CILEDUG","aj":"KEBAYORAN","nama_area":"KEBON JERUK","kd_kp":null,"kd_area":null},"geometry":{"type":"Polygon","coordinates":[[[106.6970086,-6.2242544],[106.7050909,-6.2238153],[106.7081504,-6.2251231],[106.7109903,-6.224904],[106.7147047,-6.2273034],[106.717982,-6.2275211],[106.7201667,-6.2279562],[106.7212555,-6.2209698],[106.7249687,-6.2203143],[106.7260613,-6.2200948],[106.7260611,-6.2194398],[106.7321779,-6.2190012],[106.7352365,-6.2203098],[106.7409163,-6.2203072],[106.7431004,-6.2196512],[106.7444112,-6.2194316],[106.7444104,-6.2176857],[106.7489984,-6.2176835],[106.7533679,-6.2189914],[106.7544595,-6.2187719],[106.7559894,-6.2185532],[106.7592651,-6.2176786],[106.773901,-6.2163612],[106.7736834,-6.2174523],[106.774995,-6.2187616],[106.7741223,-6.222474],[106.7743434,-6.2261848],[106.773689,-6.2281501],[106.7743455,-6.2303328],[106.774783,-6.2325155],[106.7747839,-6.2342615],[106.7754398,-6.2351351],[106.7760968,-6.2381907],[106.7776282,-6.2425558],[106.7785033,-6.2434284],[106.7728268,-6.2501992],[106.7675849,-6.2539128],[106.7671489,-6.2545681],[106.7680229,-6.2552226],[106.7688963,-6.2547862],[106.7675872,-6.2584978],[106.7597212,-6.2558818],[106.7599411,-6.2593746],[106.7562285,-6.2617784],[106.7531705,-6.2622159],[106.7520773,-6.2615614],[106.7516396,-6.2606886],[106.7184291,-6.2534996],[106.6930881,-6.2574385],[106.6895885,-6.2460879],[106.6801949,-6.2465282],[106.6801483,-6.2464095],[106.6802025,-6.2461236],[106.6800229,-6.2455933],[106.6800292,-6.2453063],[106.6799399,-6.2450172],[106.679949,-6.2445822],[106.6802428,-6.2444296],[106.680264,-6.2442863],[106.6801184,-6.2439595],[106.6801126,-6.2438155],[106.6801751,-6.2436971],[106.6803054,-6.2436377],[106.680688,-6.2436462],[106.6807358,-6.2436472],[106.6811642,-6.2437524],[106.6815946,-6.243762],[106.6818632,-6.2436386],[106.6819481,-6.2435706],[106.6820312,-6.243088],[106.6820363,-6.2428604],[106.6821012,-6.242769],[106.6825885,-6.2427793],[106.6826632,-6.2427636],[106.6827342,-6.2427518],[106.6827903,-6.2427547],[106.6828554,-6.2427429],[106.6829293,-6.242731],[106.683021,-6.2427221],[106.6830824,-6.2427012],[106.6831319,-6.2426897],[106.6831966,-6.2426783],[106.6832233,-6.2426516],[106.6832651,-6.2426097],[106.6833336,-6.2425869],[106.683425,-6.2425868],[106.6836382,-6.2425715],[106.6837295,-6.2425601],[106.6837904,-6.242541],[106.6838323,-6.2425029],[106.6838665,-6.2424458],[106.6838665,-6.2423697],[106.6838474,-6.2422936],[106.6838246,-6.2422403],[106.6837789,-6.2421908],[106.6837027,-6.2421413],[106.6836266,-6.2421071],[106.6834895,-6.2420424],[106.6833448,-6.2420235],[106.6832877,-6.2420044],[106.6832535,-6.2419664],[106.683242,-6.2419321],[106.6832496,-6.2419017],[106.6832725,-6.241875],[106.6833181,-6.2418369],[106.6833828,-6.2417874],[106.6834475,-6.2417341],[106.6835389,-6.2416694],[106.6836378,-6.2416427],[106.6837102,-6.2416388],[106.6837673,-6.2416579],[106.6838244,-6.2417111],[106.68395,-6.2418291],[106.68403,-6.2418633],[106.6840871,-6.2418633],[106.6841366,-6.2418366],[106.6842013,-6.2417757],[106.6843307,-6.2416462],[106.6845666,-6.2414177],[106.6848749,-6.2411968],[106.6850043,-6.241094],[106.685088,-6.2410293],[106.6852136,-6.2409759],[106.6852669,-6.2409607],[106.6853963,-6.2409112],[106.685461,-6.240854],[106.6855028,-6.2408007],[106.6855218,-6.2407512],[106.6855256,-6.2406903],[106.6855408,-6.240637],[106.6855675,-6.2406027],[106.6856055,-6.2405647],[106.6856588,-6.2405152],[106.6856892,-6.240458],[106.6856778,-6.2404124],[106.6856435,-6.2403515],[106.6855635,-6.2402601],[106.6855178,-6.2401954],[106.6854874,-6.2401383],[106.6854797,-6.2400812],[106.6854683,-6.2400356],[106.6854416,-6.2400013],[106.6853503,-6.2399252],[106.6852893,-6.2398377],[106.6852665,-6.2397615],[106.6852855,-6.2396702],[106.685274,-6.2396321],[106.6852588,-6.2395941],[106.685175,-6.2394494],[106.6851559,-6.2393999],[106.6851331,-6.2393048],[106.685114,-6.2392439],[106.6850911,-6.2391868],[106.6849616,-6.2389965],[106.6848245,-6.2387908],[106.6847661,-6.2386974],[106.6847555,-6.2386283],[106.6847661,-6.2385219],[106.6848298,-6.2383145],[106.6849573,-6.2380007],[106.6850955,-6.2377826],[106.6852444,-6.2376123],[106.685372,-6.2375059],[106.6855474,-6.2373676],[106.6856219,-6.2372931],[106.6856857,-6.2372612],[106.6857229,-6.2372611],[106.6859144,-6.2373515],[106.6860261,-6.2373727],[106.6861218,-6.2374312],[106.6862389,-6.2375322],[106.6863133,-6.237596],[106.6864197,-6.2376385],[106.6864995,-6.2376385],[106.686558,-6.2376065],[106.6865899,-6.2375533],[106.6865792,-6.2374948],[106.6865207,-6.2373566],[106.6865206,-6.2373087],[106.6866482,-6.2371491],[106.6867705,-6.237048],[106.6868396,-6.2370267],[106.6869247,-6.2370533],[106.6870418,-6.2371011],[106.6871269,-6.2371224],[106.6872438,-6.2370851],[106.6873502,-6.2369202],[106.6874033,-6.2368776],[106.6874565,-6.2368563],[106.6875256,-6.2368776],[106.6875841,-6.2368563],[106.6881371,-6.2364413],[106.6882274,-6.2363615],[106.6882487,-6.2363029],[106.6882327,-6.2361062],[106.6882539,-6.2360743],[106.6883815,-6.2360104],[106.6884347,-6.2359519],[106.6885198,-6.2358295],[106.6885676,-6.2357444],[106.6885995,-6.2357338],[106.6886445,-6.2357533],[106.6887059,-6.2357444],[106.688775,-6.2357231],[106.6888441,-6.2356805],[106.6888813,-6.2356113],[106.6888919,-6.2355475],[106.688876,-6.235489],[106.6888174,-6.2353933],[106.6887004,-6.2352285],[106.6886578,-6.2351381],[106.6886471,-6.2351009],[106.688679,-6.2350583],[106.6887428,-6.2350583],[106.6888492,-6.2350795],[106.6888971,-6.2350848],[106.6888385,-6.2349253],[106.6888066,-6.2348455],[106.688764,-6.2347924],[106.6887587,-6.2347339],[106.688748,-6.2346647],[106.6887108,-6.2346222],[106.6886363,-6.2345903],[106.6885672,-6.2345691],[106.6884395,-6.2345691],[106.6883279,-6.2345691],[106.6882853,-6.2345532],[106.6882693,-6.2345266],[106.6882906,-6.2344788],[106.6883491,-6.2343724],[106.6883384,-6.2342235],[106.6883011,-6.2341809],[106.6882373,-6.2341331],[106.6881256,-6.2340853],[106.688099,-6.2340587],[106.6880937,-6.2340055],[106.6881096,-6.2339629],[106.6881521,-6.2339416],[106.6882532,-6.2338937],[106.6883489,-6.2338724],[106.6886785,-6.2336862],[106.6887476,-6.2336117],[106.6887902,-6.2335266],[106.6887955,-6.2334734],[106.6888273,-6.2333883],[106.6889655,-6.2331649],[106.689024,-6.2330745],[106.6891144,-6.2330053],[106.689242,-6.2329574],[106.6893164,-6.2328935],[106.6893648,-6.232795],[106.6894334,-6.2328137],[106.6896142,-6.2327711],[106.6898588,-6.2326806],[106.6899279,-6.2326912],[106.6899534,-6.2327154],[106.6899439,-6.232771],[106.6899227,-6.2328508],[106.6898802,-6.2329891],[106.689859,-6.2331167],[106.689859,-6.2332337],[106.6898697,-6.2333188],[106.6898591,-6.233489],[106.6898697,-6.2335475],[106.6899123,-6.2335528],[106.6899708,-6.2334943],[106.6900558,-6.2333879],[106.6901143,-6.2333453],[106.6901728,-6.2332549],[106.6901621,-6.2331964],[106.6901568,-6.2331219],[106.6901993,-6.233074],[106.6902472,-6.2330687],[106.6903429,-6.2330846],[106.6904333,-6.2330686],[106.6904971,-6.2330101],[106.6905396,-6.2330154],[106.6905822,-6.2330792],[106.6906993,-6.2333132],[106.6907472,-6.2333504],[106.6908003,-6.2333291],[106.6908695,-6.2332493],[106.6908801,-6.2331908],[106.6908853,-6.2330366],[106.6908959,-6.2329727],[106.6908959,-6.2328451],[106.6908799,-6.2327281],[106.6909065,-6.2326802],[106.6910021,-6.2325419],[106.6910553,-6.2324196],[106.6910446,-6.2323504],[106.6910286,-6.2322973],[106.6910286,-6.2322653],[106.6910552,-6.2322494],[106.6910925,-6.2322547],[106.6912414,-6.2323078],[106.6915339,-6.2323503],[106.691603,-6.2323502],[106.691622,-6.2323343],[106.6916574,-6.2322481],[106.6916337,-6.2321699],[106.6915934,-6.2321178],[106.6915673,-6.2320728],[106.6916028,-6.2320136],[106.6916549,-6.2319401],[106.6916407,-6.2318714],[106.6915957,-6.2318453],[106.6915127,-6.2318217],[106.691399,-6.2317956],[106.6913658,-6.2317577],[106.6913658,-6.2316582],[106.691361,-6.2315611],[106.6913278,-6.2314331],[106.6913065,-6.2313644],[106.691342,-6.2313313],[106.6914367,-6.2313217],[106.6915125,-6.2312814],[106.691567,-6.2312577],[106.6916144,-6.2312814],[106.6916263,-6.231324],[106.6916168,-6.2313975],[106.6916287,-6.2314591],[106.6916642,-6.2314994],[106.6917211,-6.2315136],[106.6918703,-6.2314922],[106.6919627,-6.2314898],[106.6920291,-6.2315111],[106.6920812,-6.2315679],[106.6921499,-6.2316508],[106.6922471,-6.2317503],[106.6923324,-6.2317716],[106.6924342,-6.2317645],[106.6925053,-6.2317289],[106.6925432,-6.2316554],[106.6925858,-6.2314753],[106.6926521,-6.2313829],[106.6926994,-6.2312952],[106.6927041,-6.2312099],[106.6926567,-6.2310346],[106.6926566,-6.2309351],[106.6926827,-6.2308948],[106.6927253,-6.2308924],[106.692768,-6.2309066],[106.692858,-6.2309871],[106.6931945,-6.2312642],[106.6932703,-6.2313069],[106.6933438,-6.2313424],[106.6934243,-6.23134],[106.6935214,-6.2313091],[106.6935806,-6.2312617],[106.693583,-6.231193],[106.6935521,-6.2310817],[106.6935474,-6.2309679],[106.6935687,-6.2308755],[106.6936586,-6.2307617],[106.6937486,-6.2306906],[106.6943431,-6.2303421],[106.6943928,-6.2302663],[106.6943928,-6.2301762],[106.6943549,-6.2301028],[106.6942483,-6.2300649],[106.6941369,-6.2300555],[106.6940303,-6.2300887],[106.6937982,-6.2302451],[106.6936822,-6.2302807],[106.6935424,-6.2302666],[106.6934215,-6.2302216],[106.6932841,-6.2301103],[106.6932225,-6.2299918],[106.6932106,-6.2298544],[106.6932508,-6.2297549],[106.69331,-6.2297027],[106.6934237,-6.2296648],[106.6934948,-6.2296197],[106.6935989,-6.2294633],[106.6939872,-6.2288305],[106.6941316,-6.2285058],[106.6942371,-6.2283472],[106.694411,-6.2282214],[106.6948562,-6.2277189],[106.6949462,-6.2275696],[106.6951285,-6.2272734],[106.6952445,-6.2270601],[106.6953084,-6.2269653],[106.6953439,-6.2269439],[106.6953889,-6.2269605],[106.6957373,-6.2271618],[106.6958486,-6.2272186],[106.6958984,-6.2272281],[106.6959836,-6.2272067],[106.6961305,-6.227145],[106.6962205,-6.2271189],[106.6962773,-6.2270455],[106.6963199,-6.2269151],[106.6964099,-6.2268416],[106.6965331,-6.2267753],[106.6966136,-6.226697],[106.6967059,-6.2265453],[106.6967675,-6.226396],[106.696765,-6.226216],[106.6967105,-6.226043],[106.6965967,-6.225889],[106.6963929,-6.2256782],[106.6962247,-6.2255717],[106.696118,-6.2254793],[106.6960706,-6.2253846],[106.6961061,-6.2252945],[106.6961819,-6.2252376],[106.696324,-6.2251783],[106.6964495,-6.2250859],[106.69653,-6.2249816],[106.6966058,-6.2247636],[106.6968259,-6.2242564],[106.6970086,-6.2242544]]]}},{"type":"Feature","properties":{"id":13,"nama_kp":"PONDOK UNGU","aj":"PRIOK","nama_area":"MARUNDA","kd_kp":null,"kd_area":"530"},"geometry":{"type":"Polygon","coordinates":[[[106.9384284,-6.0945716],[106.9985829,-6.0834065],[107.0177226,-6.079521],[107.0151999,-6.1108228],[107.0095794,-6.1201698],[107.0017318,-6.1244773],[107.0018886,-6.1336706],[107.0025019,-6.1557637],[106.9973311,-6.171338],[106.9969013,-6.1872044],[107.0000227,-6.1977294],[107.005803,-6.1997998],[107.0056711,-6.2168521],[107.0001889,-6.2168573],[106.9912986,-6.2167174],[106.9831465,-6.2137593],[106.9795855,-6.2082761],[106.9755772,-6.1996795],[106.9733498,-6.1941951],[106.9686051,-6.190344],[106.9591201,-6.1873867],[106.9428194,-6.18399],[106.9409666,-6.1842768],[106.9408421,-6.1672657],[106.9406616,-6.1594058],[106.9398935,-6.1476354],[106.9393202,-6.1420351],[106.9405391,-6.1256115],[106.9408052,-6.103398],[106.939948,-6.0983675],[106.9384284,-6.0945716]]]}},{"type":"Feature","properties":{"id":19,"nama_kp":"BULUNGAN","aj":"KEBAYORAN","nama_area":"BULUNGAN","kd_kp":null,"kd_area":null},"geometry":{"type":"Polygon","coordinates":[[[106.7688963,-6.2547862],[106.7679844,-6.2551938],[106.7671489,-6.2545681],[106.7675849,-6.2539128],[106.7728268,-6.2501992],[106.7785033,-6.2434284],[106.7776282,-6.2425558],[106.7760968,-6.2381907],[106.7754398,-6.2351351],[106.7747839,-6.2342615],[106.774783,-6.2325155],[106.7743455,-6.2303328],[106.773689,-6.2281501],[106.7743434,-6.2261848],[106.7741223,-6.222474],[106.774995,-6.2187616],[106.7736834,-6.2174523],[106.773901,-6.2163612],[106.7752681,-6.2161696],[106.7760954,-6.2161129],[106.776795,-6.2160754],[106.7770563,-6.2160451],[106.7772502,-6.2157537],[106.7774681,-6.2152694],[106.7775644,-6.2149479],[106.7775643,-6.2146364],[106.7775249,-6.214306],[106.777593,-6.2138006],[106.7776321,-6.2136358],[106.7778451,-6.213466],[106.7781366,-6.2133834],[106.7788986,-6.2133911],[106.7799591,-6.2133322],[106.7812156,-6.2132924],[106.7821776,-6.2132135],[106.7825707,-6.2132334],[106.7830199,-6.212973],[106.7831194,-6.2129217],[106.7834337,-6.212377],[106.7835512,-6.2120264],[106.7834521,-6.2109947],[106.7833146,-6.2096135],[106.7832358,-6.2087576],[106.7830771,-6.2070841],[106.783116,-6.2066752],[106.7839413,-6.2066546],[106.785217,-6.2067122],[106.7860615,-6.2067901],[106.7868466,-6.2068671],[106.787299,-6.2069452],[106.7875343,-6.2070425],[106.7880644,-6.2077424],[106.7883792,-6.2080145],[106.7887322,-6.2083458],[106.7891052,-6.2084038],[106.7893213,-6.2083254],[106.789694,-6.2079756],[106.7900869,-6.2076248],[106.790322,-6.2073906],[106.7905381,-6.2073713],[106.7909704,-6.2074495],[106.7923447,-6.207721],[106.7926985,-6.2077208],[106.7958197,-6.2075432],[106.7960157,-6.2074658],[106.7961141,-6.20731],[106.796134,-6.2069795],[106.7963687,-6.2060059],[106.7967219,-6.2048966],[106.7970743,-6.2040395],[106.797231,-6.2037863],[106.7974861,-6.2033974],[106.7977804,-6.2030275],[106.7979964,-6.2027742],[106.7983109,-6.2025209],[106.7985068,-6.2022877],[106.7989188,-6.2020344],[106.7990564,-6.2018977],[106.7991146,-6.2016836],[106.7992331,-6.2014505],[106.7994872,-6.2011657],[106.8001724,-6.2025504],[106.8013639,-6.2049541],[106.8018116,-6.2056556],[106.8024186,-6.2064822],[106.8034009,-6.2076082],[106.8049143,-6.2093522],[106.8056539,-6.2102053],[106.8061509,-6.2108726],[106.8066896,-6.2117675],[106.8069855,-6.2121808],[106.8077213,-6.2128632],[106.8082143,-6.2133332],[106.8086771,-6.2138754],[106.8091133,-6.2144707],[106.8095534,-6.215176],[106.8097241,-6.2154262],[106.8099556,-6.215794],[106.8107561,-6.2169581],[106.8117614,-6.2184141],[106.8124256,-6.2194042],[106.812397,-6.219427],[106.8133809,-6.2209137],[106.8147914,-6.2228565],[106.8157807,-6.224404],[106.8172171,-6.2264758],[106.8183526,-6.2281779],[106.8195826,-6.2299919],[106.820804,-6.231737],[106.8214835,-6.232674],[106.8220081,-6.2331983],[106.8224553,-6.2336022],[106.8233064,-6.2341607],[106.8273044,-6.2368501],[106.8259347,-6.240292],[106.8226967,-6.2403884],[106.8207164,-6.240703],[106.8173828,-6.2389149],[106.8151511,-6.2390729],[106.8130148,-6.2423421],[106.8102495,-6.2445116],[106.8082059,-6.2448895],[106.8057869,-6.2479379],[106.8042784,-6.2488499],[106.8033679,-6.2511127],[106.8020476,-6.2522447],[106.8007911,-6.2524654],[106.7994079,-6.2528429],[106.7974206,-6.2531665],[106.7974046,-6.2532619],[106.7972596,-6.2547548],[106.7970657,-6.2567581],[106.7970018,-6.2574804],[106.7968099,-6.2594485],[106.7966621,-6.2612377],[106.7966452,-6.2616255],[106.7966494,-6.2618113],[106.7967189,-6.2621669],[106.7969878,-6.2630217],[106.7972517,-6.2638322],[106.7973555,-6.2642581],[106.7973969,-6.2645183],[106.7974203,-6.2651009],[106.7974247,-6.2658172],[106.7974279,-6.2659819],[106.7974,-6.2665144],[106.7973542,-6.2673412],[106.7973293,-6.2676928],[106.7973698,-6.2682734],[106.7974204,-6.2688822],[106.7975097,-6.2702976],[106.7975624,-6.2710841],[106.7976577,-6.2724784],[106.7977107,-6.2736246],[106.7977302,-6.2744182],[106.7977502,-6.2760296],[106.7977485,-6.2764686],[106.7976995,-6.2768976],[106.7976042,-6.2773165],[106.7973032,-6.2784519],[106.7970824,-6.2790618],[106.7969731,-6.2795631],[106.7965262,-6.2804544],[106.7962423,-6.2815456],[106.7960978,-6.2821133],[106.7960611,-6.2828948],[106.7959652,-6.284008],[106.7959073,-6.2848428],[106.7958413,-6.2854556],[106.7957794,-6.2861157],[106.7957484,-6.2864613],[106.7956541,-6.2868381],[106.7954304,-6.2877714],[106.795282,-6.2901383],[106.7952593,-6.2927733],[106.7861984,-6.2923936],[106.7846187,-6.2919344],[106.7805048,-6.2904569],[106.7775431,-6.2888471],[106.7762272,-6.2893089],[106.7747462,-6.2891781],[106.7697123,-6.2892791],[106.7681983,-6.2896747],[106.7665721,-6.29064],[106.7665454,-6.2906712],[106.7678656,-6.2813904],[106.7680057,-6.280264],[106.7679492,-6.2797571],[106.7675149,-6.279409],[106.7680332,-6.2790531],[106.7687085,-6.2787994],[106.7691022,-6.2783486],[106.7694277,-6.277973],[106.7700871,-6.2782636],[106.7703684,-6.2779819],[106.7701861,-6.2774115],[106.7696903,-6.2766113],[106.7692982,-6.2762648],[106.7693108,-6.2755225],[106.7687347,-6.2750542],[106.7683687,-6.274632],[106.7683403,-6.274266],[106.7686175,-6.273749],[106.769325,-6.2737023],[106.7700277,-6.2742269],[106.7707119,-6.2740033],[106.7709571,-6.2735043],[106.7712662,-6.2726876],[106.7716317,-6.2720961],[106.7711813,-6.2718147],[106.7708251,-6.2713063],[106.7708832,-6.2709433],[106.7710119,-6.2706603],[106.7711714,-6.2704232],[106.7710889,-6.2702081],[106.7705331,-6.2699566],[106.7698605,-6.2696808],[106.7696865,-6.269343],[106.7693897,-6.2686583],[106.7690186,-6.2680894],[106.7691532,-6.2678735],[106.7695187,-6.2672538],[106.7695466,-6.2668314],[106.7691805,-6.2663529],[106.7693489,-6.2653954],[106.7694128,-6.2647969],[106.7699232,-6.2644014],[106.7702528,-6.2643922],[106.7708469,-6.2648374],[106.7710612,-6.2652174],[106.7713918,-6.2652333],[106.7713747,-6.2647467],[106.7708678,-6.264043],[106.7703891,-6.2635646],[106.7707265,-6.2630575],[106.7714478,-6.2627334],[106.7717028,-6.2623049],[106.771942,-6.2623701],[106.772021,-6.2629724],[106.772503,-6.2628736],[106.773062,-6.262634],[106.7730336,-6.2622116],[106.7727518,-6.2614796],[106.772498,-6.2603534],[106.7726739,-6.2591278],[106.7724126,-6.2585231],[106.7720466,-6.2581854],[106.771512,-6.2582702],[106.7712064,-6.2583784],[106.7710579,-6.25884],[106.7707283,-6.2590302],[106.7704148,-6.2589721],[106.7701514,-6.2588656],[106.7701592,-6.2583869],[106.7690708,-6.2582135],[106.7689722,-6.2580326],[106.7690374,-6.2577932],[106.7695738,-6.2572731],[106.7697796,-6.2568687],[106.7698227,-6.2565533],[106.7699681,-6.2561094],[106.7702986,-6.2559031],[106.7706936,-6.2560437],[106.771164,-6.2561591],[106.7715016,-6.2560674],[106.7719556,-6.255688],[106.7719716,-6.255506],[106.7719142,-6.2552758],[106.7716005,-6.2548717],[106.7709756,-6.2549195],[106.7706358,-6.2549134],[106.7703473,-6.2547315],[106.770116,-6.2543355],[106.7699764,-6.2545336],[106.769687,-6.2546333],[106.7694569,-6.2545751],[106.7692418,-6.2545018],[106.7688963,-6.2547862]]]}},{"type":"Feature","properties":{"id":20,"nama_kp":"BINTARO","aj":"KEBAYORAN","nama_area":"BINTARO","kd_kp":null,"kd_area":null},"geometry":{"type":"MultiPolygon","coordinates":[[[[106.6801483,-6.2464095],[106.6801949,-6.2465282],[106.6895885,-6.2460879],[106.6930881,-6.2574385],[106.7184291,-6.2534996],[106.7516396,-6.2606886],[106.7520773,-6.2615614],[106.7531705,-6.2622159],[106.7562285,-6.2617784],[106.7599411,-6.2593746],[106.7597212,-6.2558818],[106.7675872,-6.2584978],[106.7688963,-6.2547862],[106.7692418,-6.2545018],[106.7694569,-6.2545751],[106.769687,-6.2546333],[106.7699764,-6.2545336],[106.770116,-6.2543355],[106.7703473,-6.2547315],[106.7706358,-6.2549134],[106.7709756,-6.2549195],[106.7716005,-6.2548717],[106.7719142,-6.2552758],[106.7719716,-6.255506],[106.7719556,-6.255688],[106.7715016,-6.2560674],[106.771164,-6.2561591],[106.7706936,-6.2560437],[106.7702986,-6.2559031],[106.7699681,-6.2561094],[106.7698227,-6.2565533],[106.7697796,-6.2568687],[106.7695738,-6.2572731],[106.7690374,-6.2577932],[106.7689722,-6.2580326],[106.7690708,-6.2582135],[106.7701592,-6.2583869],[106.7701514,-6.2588656],[106.7704148,-6.2589721],[106.7707283,-6.2590302],[106.7710579,-6.25884],[106.7712064,-6.2583784],[106.771512,-6.2582702],[106.7720466,-6.2581854],[106.7724126,-6.2585231],[106.7726739,-6.2591278],[106.772498,-6.2603534],[106.7727518,-6.2614796],[106.7730336,-6.2622116],[106.773062,-6.262634],[106.772503,-6.2628736],[106.772021,-6.2629724],[106.771942,-6.2623701],[106.7717028,-6.2623049],[106.7714478,-6.2627334],[106.7707265,-6.2630575],[106.7703891,-6.2635646],[106.7708678,-6.264043],[106.7713747,-6.2647467],[106.7713918,-6.2652333],[106.7710612,-6.2652174],[106.7708469,-6.2648374],[106.7702528,-6.2643922],[106.7699232,-6.2644014],[106.7694128,-6.2647969],[106.7693489,-6.2653954],[106.7691805,-6.2663529],[106.7695466,-6.2668314],[106.7695187,-6.2672538],[106.7691532,-6.2678735],[106.7690186,-6.2680894],[106.7693897,-6.2686583],[106.7696865,-6.269343],[106.7698605,-6.2696808],[106.7705331,-6.2699566],[106.7710889,-6.2702081],[106.7711714,-6.2704232],[106.7710119,-6.2706603],[106.7708832,-6.2709433],[106.7708251,-6.2713063],[106.7711813,-6.2718147],[106.7716317,-6.2720961],[106.7712662,-6.2726876],[106.7709571,-6.2735043],[106.7707119,-6.2740033],[106.7700277,-6.2742269],[106.769325,-6.2737023],[106.7686175,-6.273749],[106.7683403,-6.274266],[106.7683687,-6.274632],[106.7687347,-6.2750542],[106.7693108,-6.2755225],[106.7692982,-6.2762648],[106.7696903,-6.2766113],[106.7701861,-6.2774115],[106.7703684,-6.2779819],[106.7700871,-6.2782636],[106.7694277,-6.277973],[106.7691022,-6.2783486],[106.7687085,-6.2787994],[106.7680332,-6.2790531],[106.7675149,-6.279409],[106.7679492,-6.2797571],[106.7680057,-6.280264],[106.7678656,-6.2813904],[106.7665454,-6.2906712],[106.7660536,-6.291246],[106.7655034,-6.2927019],[106.7652294,-6.2936212],[106.7651042,-6.2945023],[106.7652613,-6.2950146],[106.7654303,-6.295345],[106.765518,-6.2957076],[106.7655183,-6.2963576],[106.765418,-6.2968007],[106.7650252,-6.2974197],[106.7642184,-6.2983885],[106.7625563,-6.3002267],[106.7569953,-6.3062218],[106.7573908,-6.3062216],[106.7570364,-6.3063226],[106.7383851,-6.3123217],[106.7198393,-6.3122011],[106.7052458,-6.314513],[106.7052455,-6.3145091],[106.7052547,-6.3144171],[106.7052801,-6.3143747],[106.7053273,-6.3143101],[106.7053887,-6.3142725],[106.7055352,-6.3142216],[106.705647,-6.3141702],[106.7056676,-6.3141238],[106.7056829,-6.314018],[106.7056622,-6.3138424],[106.705621,-6.3137677],[106.7052669,-6.3135599],[106.7052035,-6.3135055],[106.705136,-6.313392],[106.7051622,-6.3132221],[106.7051569,-6.313134],[106.7051419,-6.3130779],[106.7051318,-6.312975],[106.7051487,-6.3128829],[106.7052004,-6.3128167],[106.7054091,-6.3127044],[106.7054821,-6.312651],[106.7055269,-6.3125981],[106.7056778,-6.3122718],[106.7056713,-6.3121959],[106.7056365,-6.3121128],[106.7054119,-6.3117673],[106.7052738,-6.3116648],[106.7049903,-6.31153],[106.7049193,-6.311541],[106.7048535,-6.3115717],[106.7047881,-6.3115818],[106.7047174,-6.3115818],[106.7046807,-6.3115738],[106.7044562,-6.3115549],[106.704411,-6.3115379],[106.7043694,-6.3114944],[106.7043492,-6.311412],[106.7043613,-6.3113228],[106.7043645,-6.3112384],[106.7043491,-6.3111512],[106.7043398,-6.3111313],[106.7042801,-6.3110689],[106.7042716,-6.311023],[106.7042817,-6.3109467],[106.7043292,-6.3108601],[106.7044073,-6.3107786],[106.7044938,-6.3107396],[106.7045752,-6.310731],[106.7047093,-6.3107378],[106.7048586,-6.3107445],[106.7049554,-6.3107343],[106.7051386,-6.3106867],[106.7052268,-6.3106425],[106.7052675,-6.3106001],[106.7052811,-6.3105203],[106.7052895,-6.3104541],[106.7053607,-6.3102963],[106.7054014,-6.3101894],[106.7054099,-6.3101486],[106.705381,-6.3100893],[106.7053114,-6.3099841],[106.7052096,-6.3098925],[106.7051332,-6.3098348],[106.705084,-6.3098144],[106.7050415,-6.3098094],[106.7049669,-6.3098281],[106.7048888,-6.3098671],[106.7048346,-6.3099282],[106.7047904,-6.309969],[106.7047548,-6.3099928],[106.7047209,-6.3099877],[106.7046598,-6.3099521],[106.704412,-6.3098028],[106.7043882,-6.3097689],[106.704378,-6.3097214],[106.704344,-6.3095483],[106.7043049,-6.3094584],[106.7042845,-6.3094024],[106.7042947,-6.309326],[106.7042912,-6.3091767],[106.7042692,-6.3091122],[106.7042352,-6.3090885],[106.7040943,-6.3090087],[106.7040655,-6.3089765],[106.7040451,-6.3089256],[106.7040128,-6.3088628],[106.7039653,-6.3088255],[106.7038923,-6.3088001],[106.7038092,-6.3088018],[106.7037294,-6.3088171],[106.7036565,-6.3088409],[106.7035581,-6.3089003],[106.7034732,-6.3089717],[106.703363,-6.3090701],[106.7033172,-6.309082],[106.7032713,-6.3090753],[106.7032085,-6.3090329],[106.7031491,-6.3089344],[106.703037,-6.3087308],[106.7030353,-6.3086935],[106.7030557,-6.3086545],[106.7031303,-6.3085119],[106.703132,-6.3084593],[106.7031353,-6.3083541],[106.7031658,-6.3082455],[106.7032167,-6.3081232],[106.7032879,-6.3080299],[106.7033591,-6.307945],[106.7034117,-6.3078601],[106.7034253,-6.3077821],[106.7034066,-6.3076904],[106.7033437,-6.3076039],[106.7032792,-6.3075513],[106.7032046,-6.3075157],[106.7030416,-6.3075005],[106.7029483,-6.3075005],[106.7029144,-6.3074887],[106.7028465,-6.3074446],[106.7027786,-6.3074225],[106.7027243,-6.3074277],[106.7025801,-6.3074481],[106.7025054,-6.3074702],[106.702385,-6.3075415],[106.7022747,-6.3076552],[106.7021916,-6.3077401],[106.7020949,-6.307825],[106.7020338,-6.3078641],[106.7019829,-6.307876],[106.7019269,-6.3078471],[106.7018335,-6.3077657],[106.7017317,-6.3076877],[106.7016536,-6.3076351],[106.7015552,-6.3075876],[106.7014313,-6.3075249],[106.7013719,-6.3075198],[106.7012276,-6.3075182],[106.7011547,-6.3075335],[106.7010987,-6.3075759],[106.7010088,-6.3076642],[106.7009545,-6.3077287],[106.7009223,-6.3077644],[106.700851,-6.307817],[106.7007713,-6.3078815],[106.7007119,-6.307963],[106.7006594,-6.308036],[106.7006085,-6.3080699],[106.7005576,-6.3080818],[106.7004829,-6.3080836],[106.7003963,-6.3080531],[106.7003488,-6.3080378],[106.6998397,-6.3078598],[106.6997837,-6.3078174],[106.6997548,-6.307775],[106.6997344,-6.3076952],[106.6997429,-6.3076036],[106.6997937,-6.3075306],[106.6999142,-6.3074372],[106.7002043,-6.3072538],[106.7002704,-6.3072012],[106.7003044,-6.3071299],[106.7002925,-6.3070705],[106.70025,-6.3070196],[106.7001719,-6.3069637],[106.7001244,-6.3069722],[106.6996968,-6.3070691],[106.6995679,-6.3070861],[106.6993456,-6.3070896],[106.698867,-6.3070931],[106.6988161,-6.3070711],[106.6987788,-6.3070202],[106.698755,-6.3069421],[106.6987465,-6.3068607],[106.6987651,-6.306786],[106.6988262,-6.3066434],[106.6988414,-6.3065535],[106.6988329,-6.306472],[106.698804,-6.3063855],[106.6987429,-6.3062633],[106.6987327,-6.306209],[106.6986953,-6.3060919],[106.6986545,-6.3060224],[106.6986019,-6.3059664],[106.6985306,-6.3058663],[106.6984712,-6.3057526],[106.6983931,-6.3056576],[106.6983421,-6.3055762],[106.6983285,-6.3054761],[106.6983505,-6.3053624],[106.6983895,-6.3052945],[106.6984777,-6.3051994],[106.6985948,-6.3051196],[106.6987305,-6.3050296],[106.6987882,-6.3049396],[106.6988221,-6.3047988],[106.6987898,-6.3046902],[106.6987168,-6.3046325],[106.6986387,-6.3045918],[106.6985878,-6.304546],[106.6984927,-6.3043865],[106.6984621,-6.3042626],[106.6984621,-6.3041337],[106.6984551,-6.3036347],[106.6984347,-6.3035499],[106.6983736,-6.3034888],[106.6982972,-6.3034753],[106.6980868,-6.3034872],[106.6978933,-6.3035043],[106.6978356,-6.3034941],[106.6977983,-6.3034585],[106.6977406,-6.3034331],[106.6976405,-6.3034144],[106.6975556,-6.3033941],[106.697486,-6.3033449],[106.6973366,-6.3031125],[106.6972687,-6.3030548],[106.6971363,-6.3029904],[106.6969666,-6.3029022],[106.6969343,-6.3028462],[106.6969615,-6.3027834],[106.6971379,-6.3026747],[106.6972176,-6.3025898],[106.6972685,-6.3025016],[106.6975551,-6.3019262],[106.6975805,-6.3018515],[106.697594,-6.3017615],[106.6976483,-6.3016801],[106.6976737,-6.3016292],[106.697672,-6.3015952],[106.6976211,-6.3015732],[106.6973869,-6.301524],[106.6972002,-6.3014579],[106.6971544,-6.3014104],[106.6971238,-6.3013544],[106.697061,-6.3013205],[106.6969694,-6.3012985],[106.6969253,-6.3012561],[106.6968438,-6.3011458],[106.6968149,-6.301083],[106.6967266,-6.3010135],[106.6966401,-6.3009983],[106.6965654,-6.3010102],[106.6964636,-6.3010543],[106.6963924,-6.3010543],[106.6962379,-6.3010239],[106.6961751,-6.300973],[106.6961072,-6.3008898],[106.6960699,-6.3008305],[106.6960478,-6.3007575],[106.695968,-6.3006846],[106.6958577,-6.3005896],[106.6957626,-6.3005794],[106.6956659,-6.3005964],[106.6955845,-6.3006015],[106.6954843,-6.3005558],[106.69543,-6.3005337],[106.6953672,-6.3005236],[106.6953435,-6.3004896],[106.6953366,-6.3004404],[106.6952993,-6.3004065],[106.6951907,-6.3003828],[106.6951058,-6.3003879],[106.6950329,-6.3004134],[106.694982,-6.3005016],[106.6949329,-6.3006917],[106.6948973,-6.3007393],[106.6948481,-6.3007766],[106.6946021,-6.3009413],[106.6945512,-6.3010228],[106.6945054,-6.3011586],[106.6944648,-6.3012842],[106.6944206,-6.3013215],[106.6943239,-6.3013012],[106.6941338,-6.3012503],[106.6940065,-6.3011774],[106.6939284,-6.3010688],[106.6937655,-6.3009264],[106.6937332,-6.3008755],[106.6936975,-6.3007346],[106.6936415,-6.3005972],[106.6935787,-6.3005616],[106.6935261,-6.3005175],[106.6935261,-6.3004767],[106.6935651,-6.300436],[106.6937127,-6.3002934],[106.6938399,-6.3001749],[106.6939603,-6.3001188],[106.6942318,-6.3001238],[106.6943947,-6.3001187],[106.6944745,-6.3000898],[106.6945305,-6.3000423],[106.6945949,-6.2999489],[106.6947102,-6.2996434],[106.6947118,-6.2995195],[106.6946982,-6.2992836],[106.6947117,-6.2992089],[106.694766,-6.2991241],[106.6949255,-6.298995],[106.6951698,-6.2988897],[106.6953207,-6.2987302],[106.6953512,-6.2985995],[106.6953105,-6.2984807],[106.6952443,-6.2983891],[106.6951543,-6.2983314],[106.6949795,-6.2983179],[106.6948879,-6.2983468],[106.6947029,-6.2983825],[106.6945842,-6.2983978],[106.6944365,-6.29833],[106.6943007,-6.2981875],[106.6941309,-6.2980297],[106.694097,-6.2979449],[106.6941071,-6.2978244],[106.6941529,-6.2976021],[106.694202,-6.2975155],[106.6943377,-6.297322],[106.6943428,-6.29721],[106.694324,-6.2970742],[106.6943461,-6.2969622],[106.6944495,-6.2968621],[106.6945191,-6.2967483],[106.6945428,-6.2966227],[106.694519,-6.2965549],[106.6944477,-6.296526],[106.6943204,-6.2964565],[106.6940522,-6.2962207],[106.693986,-6.2961953],[106.6939249,-6.2962021],[106.6938299,-6.2962802],[106.693757,-6.2963719],[106.6937095,-6.2964024],[106.6936586,-6.2964177],[106.6935738,-6.2963923],[106.6934142,-6.296316],[106.6934091,-6.2962651],[106.693443,-6.2962023],[106.693482,-6.296075],[106.6935108,-6.2960173],[106.6935498,-6.2959664],[106.6935583,-6.2958951],[106.6935481,-6.2958017],[106.6935005,-6.2957016],[106.6934242,-6.2956355],[106.6932799,-6.2955167],[106.6932272,-6.2954268],[106.693161,-6.2953352],[106.6930982,-6.2952606],[106.6929895,-6.2950943],[106.6929318,-6.2949857],[106.6929097,-6.2948924],[106.6929317,-6.294799],[106.6929436,-6.2946836],[106.6929215,-6.2946022],[106.6928162,-6.2943511],[106.6927534,-6.2942764],[106.692677,-6.2942561],[106.6925158,-6.294268],[106.692414,-6.2942697],[106.6922426,-6.2942427],[106.692151,-6.294241],[106.6920916,-6.2942614],[106.6918574,-6.2943226],[106.6917539,-6.2943107],[106.6916385,-6.2942768],[106.6914281,-6.294136],[106.6913992,-6.2941004],[106.6914009,-6.2940478],[106.6914755,-6.2939663],[106.6916587,-6.2938305],[106.6917113,-6.2938186],[106.6918148,-6.2938559],[106.6918624,-6.2938762],[106.6919404,-6.2938575],[106.6921593,-6.2938082],[106.6923137,-6.2937505],[106.69239,-6.2936758],[106.6924663,-6.2935587],[106.6924935,-6.2934501],[106.6924781,-6.2933499],[106.692451,-6.2932345],[106.6924611,-6.2931768],[106.6924526,-6.2929919],[106.6924847,-6.292834],[106.6924677,-6.2927237],[106.69241,-6.2926406],[106.6923285,-6.2925744],[106.6922606,-6.2925083],[106.692191,-6.2923692],[106.6920382,-6.2921893],[106.6919635,-6.2920468],[106.6919652,-6.2919263],[106.6920042,-6.2918584],[106.6920873,-6.2917854],[106.6921942,-6.2917192],[106.6922535,-6.2916496],[106.6922688,-6.2915783],[106.692245,-6.2915087],[106.6921584,-6.2913442],[106.6921244,-6.291261],[106.6921227,-6.2912118],[106.6921549,-6.291166],[106.6921787,-6.29111],[106.6921617,-6.2910234],[106.6921175,-6.2909335],[106.6920445,-6.2908792],[106.6919444,-6.2908538],[106.6918307,-6.2908437],[106.6916475,-6.290859],[106.6915236,-6.2908557],[106.6914235,-6.2909083],[106.6913081,-6.2909813],[106.6912606,-6.2909661],[106.6912063,-6.2908914],[106.691101,-6.2906573],[106.6910552,-6.2906284],[106.6909975,-6.290625],[106.6908227,-6.2905929],[106.6906207,-6.29052],[106.6904748,-6.2904403],[106.6903576,-6.2903045],[106.6903209,-6.2901766],[106.6903497,-6.2900748],[106.6904125,-6.2899356],[106.6904684,-6.2898066],[106.6904735,-6.2897353],[106.6904541,-6.2896613],[106.6904762,-6.2896376],[106.6905661,-6.289607],[106.6907358,-6.2895373],[106.6907731,-6.2894847],[106.6907764,-6.289427],[106.6907459,-6.2893439],[106.6907017,-6.2891759],[106.6906745,-6.2890724],[106.6906372,-6.2890419],[106.690537,-6.2890215],[106.6903045,-6.2889401],[106.6902129,-6.2888995],[106.6901704,-6.2888486],[106.6901195,-6.2888112],[106.6900483,-6.2887909],[106.6899974,-6.2888062],[106.6899397,-6.2888605],[106.6898396,-6.2889522],[106.6897378,-6.288993],[106.6896445,-6.2890286],[106.6894935,-6.2890558],[106.689356,-6.2890525],[106.6892932,-6.2890389],[106.6891846,-6.2890254],[106.6891252,-6.2889915],[106.6891235,-6.2889423],[106.6891794,-6.2886792],[106.6892201,-6.2886419],[106.6892795,-6.2884704],[106.6892692,-6.288389],[106.6892302,-6.2883483],[106.6891403,-6.2883127],[106.6890724,-6.2882584],[106.6890078,-6.2881345],[106.6889756,-6.2880361],[106.688945,-6.2879122],[106.6889246,-6.2877985],[106.6889313,-6.2877171],[106.6890008,-6.2874218],[106.689033,-6.2873284],[106.6890754,-6.2872826],[106.6892366,-6.2871451],[106.6893061,-6.2870602],[106.6893519,-6.2869753],[106.6894401,-6.2869108],[106.6895741,-6.2868616],[106.6897166,-6.2868276],[106.6899949,-6.2867002],[106.6901323,-6.2866441],[106.69019,-6.2865932],[106.690195,-6.2864523],[106.690139,-6.2863455],[106.6900507,-6.2862691],[106.689915,-6.2862641],[106.6897487,-6.2862573],[106.6896163,-6.2861963],[106.6895399,-6.286103],[106.6894669,-6.2860521],[106.6893821,-6.2860318],[106.689304,-6.2859996],[106.6892819,-6.2859368],[106.6892632,-6.285818],[106.6892327,-6.2857535],[106.6889796,-6.2852428],[106.6889541,-6.2851393],[106.6889304,-6.2850629],[106.6888828,-6.28499],[106.6885739,-6.2846117],[106.6885195,-6.2845132],[106.6884788,-6.2844471],[106.6884414,-6.284313],[106.6884074,-6.2842044],[106.6883938,-6.2841162],[106.6884057,-6.2840398],[106.6884303,-6.2840069],[106.6885084,-6.2839516],[106.6885599,-6.2839104],[106.6885907,-6.2838624],[106.6886079,-6.2837697],[106.6886181,-6.2835946],[106.6886112,-6.2835123],[106.6885391,-6.2833956],[106.6884292,-6.283279],[106.6883606,-6.2832241],[106.6883091,-6.2832001],[106.6881066,-6.2831349],[106.6880174,-6.2830903],[106.687983,-6.2830423],[106.6879727,-6.2829393],[106.6879898,-6.2828364],[106.6880481,-6.2826682],[106.6880686,-6.2825309],[106.6880446,-6.2824485],[106.6880034,-6.2824108],[106.6879519,-6.2823902],[106.6878833,-6.2823902],[106.6877529,-6.2824246],[106.6876774,-6.2824418],[106.6876156,-6.2824418],[106.6875573,-6.2824144],[106.6874955,-6.2823869],[106.6874268,-6.2823458],[106.6873101,-6.2823115],[106.6871488,-6.2822909],[106.6870321,-6.2822944],[106.6868949,-6.2823151],[106.6868262,-6.2823117],[106.6867507,-6.282298],[106.6866649,-6.2822843],[106.6865997,-6.2822843],[106.6865208,-6.2823049],[106.6862978,-6.282329],[106.6862154,-6.2823256],[106.686133,-6.2823119],[106.68603,-6.2822467],[106.6859374,-6.2821747],[106.6858756,-6.2820786],[106.6858343,-6.2819276],[106.6858446,-6.2817629],[106.685896,-6.2816187],[106.6859131,-6.2815844],[106.6859577,-6.2815672],[106.6860161,-6.2815809],[106.6860813,-6.2815774],[106.6862768,-6.2814264],[106.6863318,-6.281416],[106.6863867,-6.2814195],[106.686469,-6.2814606],[106.6865274,-6.2814777],[106.6865823,-6.2814743],[106.6866372,-6.2814228],[106.686644,-6.2813782],[106.6866269,-6.2813336],[106.6865445,-6.2812684],[106.6864758,-6.2811826],[106.6864449,-6.2810865],[106.6864414,-6.2810316],[106.6864071,-6.2809286],[106.6863727,-6.2808634],[106.6863315,-6.2808154],[106.6861942,-6.2806438],[106.6861702,-6.2806198],[106.686129,-6.2806061],[106.686002,-6.2806096],[106.6859059,-6.2806096],[106.6858407,-6.2805994],[106.6857858,-6.2805754],[106.6857068,-6.280517],[106.6856004,-6.2804072],[106.6854974,-6.280294],[106.6853841,-6.2801156],[106.6852502,-6.2799097],[106.6852056,-6.2798411],[106.6851609,-6.2797175],[106.6851266,-6.2796558],[106.6850613,-6.2795768],[106.684979,-6.2795117],[106.6849034,-6.2794705],[106.6847662,-6.2794259],[106.6846598,-6.2794191],[106.6844676,-6.2793746],[106.684344,-6.2792991],[106.6840419,-6.2791173],[106.6840145,-6.2790967],[106.6840007,-6.2790693],[106.6840076,-6.2790384],[106.6840419,-6.2789937],[106.6842752,-6.2787774],[106.6843712,-6.2786985],[106.6844055,-6.2786401],[106.6844124,-6.2785646],[106.6844158,-6.2785165],[106.6843986,-6.2784754],[106.6843712,-6.2784342],[106.6842407,-6.2783004],[106.6841171,-6.2781975],[106.6840622,-6.2781631],[106.6840656,-6.2781185],[106.6841068,-6.2780773],[106.6841274,-6.2780499],[106.6841308,-6.2780224],[106.6841273,-6.2779915],[106.684093,-6.2778337],[106.6840827,-6.277789],[106.6840037,-6.2776552],[106.6839007,-6.2775145],[106.6838217,-6.277439],[106.6837153,-6.2773155],[106.6836981,-6.2772812],[106.6836912,-6.2772435],[106.6836844,-6.2771782],[106.6836672,-6.2771165],[106.6836534,-6.277089],[106.6836225,-6.2770616],[106.6835917,-6.2770341],[106.6835264,-6.2769209],[106.6834818,-6.2768523],[106.6834509,-6.2768351],[106.68342,-6.2768317],[106.6833411,-6.2768592],[106.6832965,-6.2768592],[106.6832518,-6.2768489],[106.6832175,-6.2768112],[106.6831488,-6.2767151],[106.6831179,-6.2766842],[106.6830012,-6.2766156],[106.6829189,-6.2765367],[106.6828193,-6.2764441],[106.6827438,-6.2763514],[106.6826923,-6.2762519],[106.6826442,-6.2761352],[106.6826001,-6.2760603],[106.6825399,-6.2760157],[106.6824474,-6.2759514],[106.6818764,-6.2757706],[106.6816472,-6.2756781],[106.681611,-6.2756218],[106.681611,-6.2755374],[106.681623,-6.2754328],[106.6816149,-6.2753725],[106.6813185,-6.274966],[106.6812905,-6.274868],[106.6812193,-6.2747282],[106.6810871,-6.2745273],[106.6810184,-6.2744638],[106.6808888,-6.274413],[106.6807591,-6.2743444],[106.6806727,-6.2742402],[106.6806421,-6.2741105],[106.6806345,-6.2740597],[106.680604,-6.2740444],[106.6804718,-6.2740165],[106.680215,-6.2739403],[106.6801515,-6.2739022],[106.6800727,-6.2738107],[106.6799913,-6.2737243],[106.6799023,-6.2736735],[106.6797599,-6.2736252],[106.6796888,-6.2735897],[106.6796532,-6.2735388],[106.6795845,-6.2733914],[106.6795209,-6.2732922],[106.6794548,-6.273216],[106.6793633,-6.2731855],[106.6793328,-6.2731423],[106.6793149,-6.2730737],[106.6792615,-6.2730228],[106.6791065,-6.2729339],[106.6790505,-6.2728983],[106.6789793,-6.2728272],[106.6789107,-6.272756],[106.6786361,-6.2725679],[106.6783259,-6.2723672],[106.6782268,-6.2722986],[106.6781658,-6.272235],[106.6780411,-6.2720495],[106.6780157,-6.2719961],[106.6780182,-6.2719249],[106.6780029,-6.2717571],[106.6779902,-6.2716783],[106.6779825,-6.2716249],[106.6779977,-6.271513],[106.678013,-6.2713961],[106.6780333,-6.27133],[106.6780714,-6.2712944],[106.6780942,-6.271246],[106.6781805,-6.2706892],[106.6782008,-6.2706129],[106.6781957,-6.2705646],[106.6781575,-6.2704985],[106.6781092,-6.2704401],[106.6780507,-6.2703943],[106.6778779,-6.2703486],[106.6776313,-6.2702902],[106.6774839,-6.2702572],[106.6773974,-6.2702268],[106.6773542,-6.2701785],[106.6773237,-6.2701251],[106.6773237,-6.2700488],[106.6773313,-6.2699039],[106.6773236,-6.2697259],[106.6773337,-6.2696903],[106.6773744,-6.26967],[106.6774608,-6.2696318],[106.6775243,-6.2695835],[106.6775777,-6.2695123],[106.6776158,-6.2694131],[106.6776386,-6.2693139],[106.6776742,-6.2692453],[106.67788,-6.268996],[106.677946,-6.2688867],[106.6779562,-6.2688257],[106.6779434,-6.2687367],[106.6779205,-6.2686757],[106.6778595,-6.2686198],[106.6777985,-6.2685918],[106.6777222,-6.2685995],[106.6774961,-6.2686885],[106.6773995,-6.268714],[106.6773385,-6.2687064],[106.6772724,-6.2686708],[106.6771351,-6.2685692],[106.6770537,-6.2685158],[106.677008,-6.2684726],[106.67698,-6.2684167],[106.676957,-6.268015],[106.6769544,-6.2679616],[106.6769315,-6.2679133],[106.6768908,-6.2678624],[106.6768578,-6.2678218],[106.67684,-6.2677709],[106.6768349,-6.267715],[106.6768526,-6.2676591],[106.6769314,-6.2674989],[106.6769619,-6.2674353],[106.6769618,-6.2673946],[106.6769338,-6.2671709],[106.6769287,-6.2670895],[106.6769439,-6.2670565],[106.6769795,-6.2670361],[106.6770685,-6.2670157],[106.6772159,-6.2670055],[106.6775209,-6.2669825],[106.6776327,-6.2669952],[106.6776963,-6.2669799],[106.6777242,-6.2669342],[106.6777496,-6.2668579],[106.6777597,-6.2667511],[106.6777851,-6.2666926],[106.6778283,-6.2666468],[106.6778741,-6.2666087],[106.6778766,-6.2665705],[106.6778436,-6.266535],[106.6777698,-6.2665096],[106.6775639,-6.2665045],[106.6774674,-6.2664944],[106.6774063,-6.266469],[106.6773504,-6.2664207],[106.6773275,-6.2663826],[106.6772894,-6.2663546],[106.6772258,-6.2663445],[106.6771165,-6.2663216],[106.6769665,-6.2662785],[106.6768523,-6.2662559],[106.6767944,-6.2662569],[106.6767355,-6.2662445],[106.6766848,-6.2662238],[106.6764687,-6.2660833],[106.6763725,-6.2660192],[106.6763291,-6.2660037],[106.6762908,-6.2660109],[106.6762508,-6.2660552],[106.6762009,-6.2661485],[106.676173,-6.2661775],[106.6761451,-6.2661909],[106.6761151,-6.2661868],[106.6760841,-6.2661568],[106.6760696,-6.2661175],[106.6760664,-6.2660544],[106.6760747,-6.2659862],[106.6760933,-6.2659243],[106.6762022,-6.265628],[106.6762235,-6.265511],[106.6761809,-6.2654472],[106.6760958,-6.2654153],[106.6758229,-6.2654544],[106.6757024,-6.2654545],[106.6756351,-6.2654757],[106.6756316,-6.2655254],[106.6756848,-6.2656742],[106.6757203,-6.2657735],[106.6757132,-6.2658621],[106.6756459,-6.2659082],[106.6755041,-6.2659331],[106.6753127,-6.2659757],[106.6750965,-6.2660006],[106.6749902,-6.26599],[106.6748945,-6.2658907],[106.6748767,-6.2657383],[106.6748873,-6.2655469],[106.6749333,-6.2655008],[106.6749794,-6.2654653],[106.6750325,-6.2653802],[106.6750644,-6.2652313],[106.6751635,-6.265047],[106.6753655,-6.2647491],[106.6755462,-6.2645577],[106.6756666,-6.264469],[106.6757588,-6.2643236],[106.6758331,-6.2641995],[106.6761131,-6.2639761],[106.67623,-6.2638556],[106.6762477,-6.2638024],[106.6762335,-6.2637386],[106.6761271,-6.2636784],[106.6760314,-6.2635862],[106.6760243,-6.2634976],[106.6760065,-6.263409],[106.6759321,-6.2633594],[106.6757478,-6.2632566],[106.6757371,-6.2631928],[106.6757654,-6.2630723],[106.6758292,-6.2630156],[106.6759142,-6.2629766],[106.6760064,-6.2629375],[106.6760737,-6.2628702],[106.6762296,-6.262707],[106.6763536,-6.2626077],[106.676584,-6.2624907],[106.6769809,-6.2623523],[106.6771191,-6.2623097],[106.6771864,-6.2622317],[106.6772182,-6.2620545],[106.6772785,-6.2619942],[106.6773635,-6.2619729],[106.6774167,-6.261941],[106.6773989,-6.2618594],[106.6774166,-6.2617743],[106.6775761,-6.2616112],[106.6776717,-6.2615261],[106.6776859,-6.2614765],[106.677654,-6.2614162],[106.6775512,-6.2613631],[106.6775015,-6.2612922],[106.6774483,-6.2611682],[106.677381,-6.2611469],[106.6772498,-6.2611434],[106.6771754,-6.2611009],[106.6771399,-6.2610194],[106.6771363,-6.2608492],[106.6771788,-6.2607925],[106.6772391,-6.2607606],[106.677721,-6.2606115],[106.6778132,-6.2605973],[106.6781641,-6.2605937],[106.6783058,-6.2605688],[106.678522,-6.2604837],[106.678685,-6.2603879],[106.6787381,-6.2602673],[106.6787841,-6.2599696],[106.6787521,-6.2597002],[106.6787733,-6.2595087],[106.6788512,-6.2593386],[106.6791488,-6.258945],[106.6793969,-6.258718],[106.6795138,-6.258562],[106.6794995,-6.258438],[106.6794144,-6.2581792],[106.6792796,-6.2579099],[106.6789995,-6.2574456],[106.6789073,-6.2572825],[106.6787442,-6.2571692],[106.6785244,-6.2571232],[106.6784783,-6.2570771],[106.6784783,-6.2569459],[106.6784675,-6.2565418],[106.6784462,-6.2563646],[106.6784178,-6.2562476],[106.6784141,-6.2559499],[106.6783928,-6.2556734],[106.6783573,-6.2553898],[106.6783324,-6.2551984],[106.6783713,-6.2550778],[106.6784493,-6.255014],[106.6785485,-6.2549537],[106.6785733,-6.2548226],[106.6785059,-6.2547269],[106.678318,-6.2546454],[106.6782684,-6.2545781],[106.6782577,-6.2545072],[106.6782541,-6.2542803],[106.6782292,-6.254057],[106.6779122,-6.2536565],[106.6778412,-6.2533907],[106.6778021,-6.2530539],[106.6778198,-6.2528554],[106.677756,-6.2527278],[106.6776851,-6.2527349],[106.6775717,-6.2528413],[106.6775115,-6.2529123],[106.6774441,-6.2528804],[106.677437,-6.2527811],[106.6774582,-6.2525365],[106.6774936,-6.2524479],[106.6775892,-6.2523096],[106.6777345,-6.2522032],[106.6778444,-6.2521216],[106.6778656,-6.2520047],[106.6778195,-6.2518664],[106.67783,-6.2516892],[106.6779009,-6.2515013],[106.6778476,-6.2513347],[106.6777023,-6.2513028],[106.677557,-6.2512639],[106.6774612,-6.2511079],[106.6773938,-6.2507677],[106.6772944,-6.2503423],[106.6773014,-6.2500835],[106.6773864,-6.2499311],[106.6777407,-6.2494524],[106.6778469,-6.2492468],[106.6779213,-6.2490376],[106.6781231,-6.2484137],[106.6782895,-6.2479918],[106.678412,-6.2478365],[106.6786871,-6.2475734],[106.6791706,-6.2473448],[106.6796553,-6.2470685],[106.6798497,-6.2469292],[106.6799496,-6.2467401],[106.6801483,-6.2464095]]],[[[106.7679844,-6.2551938],[106.7688963,-6.2547862],[106.7680229,-6.2552226],[106.7679844,-6.2551938]]],[[[106.6818632,-6.2436386],[106.6819333,-6.2435756],[106.6819426,-6.243575],[106.6818632,-6.2436386]]]]}},{"type":"Feature","properties":{"id":7,"nama_kp":"KALIDERES","aj":"TANGERANG","nama_area":"CENGKARENG","kd_kp":null,"kd_area":null},"geometry":{"type":"Polygon","coordinates":[[[106.7309119,-6.1229746],[106.7305517,-6.1238948],[106.7304408,-6.1247884],[106.7303161,-6.125704],[106.7302852,-6.1265022],[106.7303485,-6.1282863],[106.7305223,-6.1325666],[106.7305238,-6.1361114],[106.7304311,-6.1385998],[106.73033,-6.1399301],[106.7302208,-6.1405092],[106.7298151,-6.1424657],[106.7294173,-6.1446961],[106.7286523,-6.1474039],[106.7282516,-6.1485887],[106.7280279,-6.1499473],[106.7279426,-6.1504392],[106.7282232,-6.154945],[106.7265923,-6.1546374],[106.7230042,-6.1536415],[106.7209458,-6.1533755],[106.7190391,-6.1535321],[106.7176082,-6.1542133],[106.7166446,-6.1549317],[106.7158694,-6.155354],[106.7149011,-6.1558797],[106.7131541,-6.1563036],[106.7112453,-6.1561308],[106.7084186,-6.1564221],[106.7065457,-6.1565795],[106.7060592,-6.1570668],[106.7057455,-6.1576325],[106.7054475,-6.1583396],[106.7055264,-6.1593923],[106.7056839,-6.1606649],[106.7058728,-6.1620474],[106.7057322,-6.16387],[106.7056542,-6.1650799],[106.7056074,-6.1658341],[106.703708,-6.1662433],[106.7022952,-6.1664009],[106.69914,-6.1668735],[106.692908,-6.1678656],[106.6869429,-6.1689204],[106.684133,-6.1694085],[106.6794866,-6.1705099],[106.6735529,-6.171863],[106.6706415,-6.1706634],[106.6700584,-6.1706309],[106.66935,-6.1703696],[106.6692628,-6.1703478],[106.6692301,-6.1703424],[106.6691539,-6.170495],[106.6690994,-6.1705005],[106.6690013,-6.1704896],[106.6686634,-6.1703535],[106.6684672,-6.1702827],[106.6682874,-6.1702501],[106.6681838,-6.1702556],[106.6681185,-6.1702828],[106.6679495,-6.1703374],[106.6677074,-6.170344],[106.667479,-6.1703402],[106.6673412,-6.1703245],[106.6661402,-6.1703012],[106.6661088,-6.1703918],[106.6660537,-6.1704469],[106.665782,-6.1704903],[106.6656954,-6.1704943],[106.665656,-6.1705297],[106.6656442,-6.1706597],[106.6656127,-6.1707148],[106.6654674,-6.1707466],[106.6645441,-6.170892],[106.6603193,-6.1658781],[106.6598429,-6.165355],[106.6597782,-6.165308],[106.6583964,-6.1649615],[106.6582552,-6.1649086],[106.6582317,-6.1648675],[106.6582081,-6.1646265],[106.658184,-6.1645458],[106.6578941,-6.1643147],[106.6578126,-6.1642756],[106.6571614,-6.1643865],[106.656585,-6.1644616],[106.6560346,-6.1645725],[106.6559532,-6.1645627],[106.6559402,-6.1645399],[106.6559402,-6.1645074],[106.6559955,-6.1644553],[106.6563775,-6.1643184],[106.6564779,-6.1642767],[106.6566346,-6.1641765],[106.6567782,-6.1640981],[106.6569772,-6.1639641],[106.6576867,-6.1634938],[106.6579587,-6.1633501],[106.6580175,-6.1633348],[106.6579753,-6.1631836],[106.6578367,-6.1624846],[106.6578284,-6.1624541],[106.6578339,-6.1624016],[106.6578477,-6.1623684],[106.6578643,-6.1623379],[106.6579556,-6.1622715],[106.6580109,-6.1622245],[106.658033,-6.1621747],[106.6580413,-6.1620723],[106.6580136,-6.1618925],[106.6579831,-6.161804],[106.6578171,-6.161616],[106.6577866,-6.1615883],[106.6577479,-6.1615717],[106.6577064,-6.1615635],[106.6576262,-6.161558],[106.6575764,-6.1615414],[106.6574758,-6.1614916],[106.6572992,-6.1613739],[106.6565337,-6.1608705],[106.655615,-6.1602738],[106.655155,-6.1599874],[106.6546302,-6.1595904],[106.6542144,-6.1593092],[106.6537196,-6.158957],[106.6526157,-6.1581645],[106.652558,-6.1581213],[106.652506,-6.1580967],[106.6521958,-6.1580839],[106.6520804,-6.1580839],[106.6520328,-6.1580724],[106.6518696,-6.1580295],[106.6516847,-6.1579322],[106.6513441,-6.1577329],[106.6511252,-6.1576064],[106.6506093,-6.1569546],[106.6504137,-6.156735],[106.6504487,-6.1544828],[106.650472,-6.1544388],[106.6509081,-6.154379],[106.65089,-6.1535664],[106.6508121,-6.1527181],[106.6506741,-6.1517406],[106.6504641,-6.149502],[106.6520592,-6.1484304],[106.6532625,-6.1481435],[106.6540974,-6.1478856],[106.654535,-6.1473383],[106.6548308,-6.1463239],[106.6549838,-6.1433873],[106.6553363,-6.142453],[106.6550323,-6.1381747],[106.6782884,-6.1312913],[106.6811165,-6.1301845],[106.6852039,-6.1285906],[106.6857561,-6.1277721],[106.6858439,-6.1260248],[106.6854281,-6.1193596],[106.6853551,-6.1182618],[106.6852661,-6.1166915],[106.6855482,-6.1157898],[106.6860832,-6.1151209],[106.6861713,-6.114391],[106.6857291,-6.1135064],[106.6873013,-6.1125787],[106.6904407,-6.1102505],[106.6914688,-6.1089441],[106.6920466,-6.1084462],[106.6928303,-6.1079164],[106.694159,-6.1071318],[106.694977,-6.1065803],[106.6962719,-6.1058096],[106.6980262,-6.1047444],[106.7007827,-6.1030372],[106.7025413,-6.1018974],[106.7050724,-6.1002479],[106.7069284,-6.0989618],[106.7101277,-6.0970009],[106.7111437,-6.096377],[106.7118636,-6.0960963],[106.7125572,-6.0959384],[106.7132157,-6.0958931],[106.7137702,-6.0959533],[106.7144168,-6.0960609],[106.7151507,-6.0963765],[106.7159022,-6.0968011],[106.7165784,-6.0974723],[106.7179481,-6.0988378],[106.7212384,-6.1026167],[106.7236313,-6.1051988],[106.7256466,-6.107558],[106.7305276,-6.1136546],[106.7320849,-6.1156757],[106.7324457,-6.119066],[106.7320871,-6.1207991],[106.7315024,-6.1217219],[106.7310646,-6.1226507],[106.7309119,-6.1229746]]]}},{"type":"Feature","properties":{"id":22,"nama_kp":"CIPUTAT","aj":"KEBAYORAN","nama_area":"CIPUTAT","kd_kp":null,"kd_area":null},"geometry":{"type":"Polygon","coordinates":[[[106.7198393,-6.3122011],[106.7383851,-6.3123217],[106.7570364,-6.3063226],[106.7573908,-6.3062216],[106.7586442,-6.306221],[106.759279,-6.3069812],[106.7569972,-6.3100252],[106.7577596,-6.312686],[106.7567448,-6.3142084],[106.7564846,-6.3315515],[106.7485726,-6.3331713],[106.7399238,-6.3319882],[106.7285672,-6.3357089],[106.7249653,-6.3361864],[106.7200987,-6.3364993],[106.7183028,-6.3365872],[106.7102711,-6.3422758],[106.7102229,-6.342242],[106.7101506,-6.3422225],[106.7100093,-6.3422206],[106.7099322,-6.3422425],[106.709839,-6.3423019],[106.7097644,-6.3423906],[106.7097187,-6.3424187],[106.7093043,-6.3425646],[106.7091255,-6.3426308],[106.7088136,-6.3425202],[106.7086531,-6.3424421],[106.7084208,-6.3420743],[106.7079773,-6.3418614],[106.7074035,-6.3416286],[106.7064279,-6.3412079],[106.7061462,-6.3410922],[106.7060827,-6.3409958],[106.7060827,-6.3408887],[106.7060648,-6.3408531],[106.7059667,-6.3408531],[106.7058774,-6.3408353],[106.7057971,-6.3408264],[106.7056738,-6.34085],[106.7055919,-6.3407908],[106.7053778,-6.3407823],[106.7051904,-6.3407731],[106.7050744,-6.3407642],[106.7048871,-6.3408446],[106.7047443,-6.3408179],[106.7047086,-6.3408536],[106.7045659,-6.3410499],[106.7044064,-6.3410875],[106.7043072,-6.3410679],[106.7042674,-6.3410109],[106.7042531,-6.3408773],[106.7042494,-6.3406081],[106.7043159,-6.3404612],[106.7044229,-6.3403631],[106.7044489,-6.340314],[106.7044585,-6.3401936],[106.7044942,-6.3401311],[106.704693,-6.3400323],[106.7047074,-6.3399739],[106.7047037,-6.3399075],[106.7046546,-6.3396939],[106.7045217,-6.3395529],[106.7044137,-6.3395424],[106.7042352,-6.3395959],[106.7041282,-6.3396852],[106.703807,-6.339614],[106.7036642,-6.3396229],[106.7035126,-6.3396765],[106.7034323,-6.3398014],[106.7033074,-6.3399531],[106.7031825,-6.339971],[106.7029505,-6.3399176],[106.702772,-6.3397928],[106.7026916,-6.3393825],[106.7026915,-6.3391773],[106.7029678,-6.3384189],[106.7030441,-6.3382596],[106.7031992,-6.3379912],[106.703228,-6.3378759],[106.7032102,-6.3377584],[106.7030637,-6.3373816],[106.7029195,-6.3371333],[106.702813,-6.337089],[106.7025226,-6.3371401],[106.7021568,-6.3371225],[106.701771,-6.3371471],[106.7016468,-6.3370252],[106.7015558,-6.3368633],[106.7015136,-6.3366793],[106.7015024,-6.3363601],[106.701489,-6.3359765],[106.7014844,-6.3356151],[106.7015264,-6.3354156],[106.7015286,-6.3351761],[106.7014709,-6.3350786],[106.7014596,-6.3346573],[106.701557,-6.3342671],[106.7015347,-6.3338724],[106.7014327,-6.3338081],[106.7012265,-6.3337728],[106.7011932,-6.3337411],[106.700998,-6.3335556],[106.7006977,-6.3333761],[106.7005902,-6.3333186],[106.7005491,-6.3333055],[106.7005193,-6.3333018],[106.7004819,-6.333313],[106.7004335,-6.3333634],[106.7003962,-6.3334698],[106.700374,-6.3337415],[106.7003702,-6.3337888],[106.7003478,-6.333828],[106.7003273,-6.3338523],[106.7002937,-6.3338709],[106.700193,-6.333899],[106.6999392,-6.3339327],[106.6998049,-6.3339495],[106.6996668,-6.3339477],[106.699609,-6.3339328],[106.6995418,-6.3339141],[106.6995026,-6.3338936],[106.6994523,-6.3338675],[106.6994037,-6.3338246],[106.699344,-6.3337419],[106.6993216,-6.3337109],[106.69926,-6.3336232],[106.6992283,-6.3335822],[106.6991536,-6.3334926],[106.6991275,-6.3334703],[106.6990957,-6.3334255],[106.699077,-6.3333677],[106.6990658,-6.3333322],[106.6990565,-6.3332706],[106.6990508,-6.3331792],[106.6990508,-6.33314],[106.6990807,-6.3330785],[106.6991049,-6.3330467],[106.6991422,-6.3330169],[106.699228,-6.3329888],[106.6993418,-6.3329645],[106.6994015,-6.3329515],[106.6994426,-6.3329328],[106.6994705,-6.3329029],[106.6994985,-6.332776],[106.6995078,-6.3327219],[106.6995227,-6.3326865],[106.6995507,-6.3326585],[106.6996085,-6.3326398],[106.6996869,-6.3326286],[106.6997466,-6.3325968],[106.6998324,-6.3325296],[106.6998865,-6.3324886],[106.7000282,-6.3324288],[106.7000767,-6.3324027],[106.700101,-6.3323784],[106.7001215,-6.3323485],[106.7001438,-6.3322758],[106.7001588,-6.3322328],[106.7002091,-6.3321246],[106.7002371,-6.3320761],[106.7002669,-6.3320462],[106.7003042,-6.3320275],[106.7003751,-6.3319585],[106.7003975,-6.331938],[106.7004236,-6.3319044],[106.7005727,-6.331617],[106.7005914,-6.3315815],[106.7006025,-6.3315199],[106.7005894,-6.3314005],[106.7005651,-6.3313166],[106.7005427,-6.3311561],[106.7005427,-6.3310796],[106.7005538,-6.3310498],[106.7005557,-6.3310031],[106.7005388,-6.3308464],[106.7005351,-6.3307886],[106.7005463,-6.3307494],[106.7005705,-6.3307102],[106.7005779,-6.3306803],[106.7005686,-6.33063],[106.7005499,-6.3306057],[106.7005126,-6.3305796],[106.7003745,-6.3304994],[106.7003316,-6.3304733],[106.7002569,-6.3304472],[106.7001991,-6.3304323],[106.7001431,-6.3304249],[106.7000125,-6.330425],[106.6999827,-6.3304231],[106.6997345,-6.3303206],[106.6997046,-6.3303038],[106.6996916,-6.3302907],[106.6996785,-6.3302628],[106.6996673,-6.3301975],[106.6996523,-6.3301378],[106.6996337,-6.3300948],[106.699628,-6.3300631],[106.6996317,-6.3300016],[106.6996429,-6.3299624],[106.6996578,-6.3299083],[106.6996634,-6.3298709],[106.6996597,-6.3298318],[106.6996559,-6.3297534],[106.6996558,-6.3295631],[106.6996465,-6.3294978],[106.6996409,-6.3294493],[106.699639,-6.3294026],[106.6996464,-6.3293635],[106.6996968,-6.3292869],[106.6997602,-6.3292608],[106.6998871,-6.329244],[106.6999561,-6.3292327],[106.7000083,-6.3292402],[106.7000531,-6.3292775],[106.7000924,-6.3293782],[106.7001297,-6.3294752],[106.7001987,-6.3295088],[106.7002958,-6.3295349],[106.7004544,-6.3295329],[106.7005383,-6.3295236],[106.7006335,-6.3294993],[106.700682,-6.3294918],[106.7009003,-6.3295216],[106.7009637,-6.329529],[106.7010439,-6.3295196],[106.7010887,-6.3294898],[106.7011316,-6.3294506],[106.7011875,-6.3293759],[106.7012211,-6.3292994],[106.7012714,-6.3291576],[106.7013031,-6.3289971],[106.7013235,-6.3288404],[106.7013459,-6.3287676],[106.701372,-6.3287322],[106.7014261,-6.3286892],[106.7014466,-6.3286631],[106.7014522,-6.328637],[106.7014447,-6.328609],[106.701413,-6.328568],[106.7013439,-6.3284859],[106.7012767,-6.3284225],[106.7012319,-6.3283777],[106.7011032,-6.3283255],[106.7009987,-6.3283088],[106.7007767,-6.3282977],[106.7005882,-6.3282809],[106.7005584,-6.3282511],[106.700549,-6.3282119],[106.7005583,-6.328169],[106.70059,-6.3281429],[106.7006516,-6.3281279],[106.700715,-6.3281111],[106.7007486,-6.3280812],[106.7007822,-6.3280308],[106.7008101,-6.327917],[106.7008231,-6.3278443],[106.7008697,-6.3277323],[106.7009145,-6.3276315],[106.7009406,-6.3275494],[106.7009498,-6.32743],[106.7009644,-6.3273177],[106.7009784,-6.3272178],[106.7010134,-6.3271778],[106.7010486,-6.3271666],[106.7010943,-6.3271594],[106.7011542,-6.3271652],[106.70121,-6.327185],[106.7013061,-6.327243],[106.7014161,-6.3273042],[106.701469,-6.3273262],[106.7015656,-6.3273336],[106.7016627,-6.3273334],[106.7017616,-6.3273443],[106.7019023,-6.3273773],[106.7019608,-6.3273833],[106.7020006,-6.3273814],[106.7020596,-6.3273625],[106.70213,-6.3273403],[106.7021808,-6.3273379],[106.702257,-6.3273528],[106.7023535,-6.3273385],[106.7024731,-6.3272886],[106.702537,-6.3272554],[106.7027202,-6.3272047],[106.7027467,-6.3271996],[106.7027922,-6.3271981],[106.7028777,-6.3272143],[106.7029506,-6.3272247],[106.7029899,-6.3272179],[106.7030426,-6.327188],[106.7030985,-6.3271196],[106.7031808,-6.3269625],[106.7032098,-6.3268882],[106.7032446,-6.3267353],[106.7032561,-6.3267101],[106.7032893,-6.3266768],[106.7033363,-6.3266463],[106.7033662,-6.3266177],[106.7034574,-6.326402],[106.703557,-6.3259774],[106.7035767,-6.3258424],[106.7035641,-6.3257247],[106.7035316,-6.3256456],[106.7035173,-6.3255358],[106.7035224,-6.3252695],[106.7035355,-6.3252101],[106.7035752,-6.325155],[106.7035936,-6.3250828],[106.7036012,-6.3249636],[106.7036159,-6.3247816],[106.7036134,-6.3247095],[106.703589,-6.3246313],[106.7035429,-6.3245712],[106.7034358,-6.324382],[106.7033902,-6.3242825],[106.7033619,-6.3241999],[106.7033013,-6.3241168],[106.7031416,-6.3240076],[106.7030524,-6.3239612],[106.7029342,-6.3239229],[106.7028401,-6.3239042],[106.7027333,-6.3239013],[106.7026261,-6.3239073],[106.7025091,-6.3239108],[106.7022704,-6.32391],[106.7019981,-6.3239236],[106.7019014,-6.3239335],[106.7017644,-6.3239531],[106.7017124,-6.3239651],[106.7016706,-6.3239756],[106.7016306,-6.3239818],[106.7015992,-6.3239824],[106.7015617,-6.323975],[106.7015341,-6.3239587],[106.7015166,-6.3239332],[106.7015113,-6.3238833],[106.7015225,-6.3238076],[106.7015419,-6.3237508],[106.7015639,-6.3236991],[106.7015911,-6.3236482],[106.7016191,-6.3235923],[106.7016546,-6.3235311],[106.701699,-6.3234382],[106.7017351,-6.3233665],[106.7017561,-6.3233145],[106.7017743,-6.323265],[106.7017918,-6.3231921],[106.7017911,-6.3231381],[106.7017791,-6.3230925],[106.7017585,-6.3230478],[106.701736,-6.3229977],[106.7017236,-6.3229521],[106.7017193,-6.3229034],[106.7017232,-6.3228754],[106.701743,-6.3228506],[106.701788,-6.3228128],[106.701828,-6.3227928],[106.7018629,-6.3227798],[106.7019522,-6.3227564],[106.7019759,-6.3227503],[106.7020039,-6.3227401],[106.7020372,-6.3227203],[106.7020791,-6.322682],[106.7021192,-6.3226443],[106.7021448,-6.3226081],[106.7021645,-6.3225723],[106.7021813,-6.3225299],[106.7021916,-6.3224777],[106.7022016,-6.3224218],[106.7022148,-6.3223544],[106.7022303,-6.322314],[106.702261,-6.3222639],[106.7023056,-6.3222016],[106.7023435,-6.3221429],[106.7023709,-6.3220993],[106.7024067,-6.3220522],[106.7024776,-6.3219998],[106.7025139,-6.3219736],[106.7025535,-6.3219487],[106.702604,-6.3219162],[106.7026439,-6.3218811],[106.7026951,-6.3218328],[106.7027235,-6.3218087],[106.7028158,-6.3217798],[106.7028919,-6.321742],[106.7029824,-6.3216711],[106.7030237,-6.3216324],[106.7030684,-6.3215823],[106.7030945,-6.3215519],[106.7031277,-6.3215011],[106.7031531,-6.3214626],[106.7031767,-6.3214269],[106.7032122,-6.3213857],[106.7032479,-6.3213497],[106.7032669,-6.3213113],[106.7032746,-6.3212629],[106.7032836,-6.3212124],[106.7032864,-6.3211208],[106.703317,-6.3210149],[106.7033391,-6.3209815],[106.7034361,-6.3208755],[106.7034888,-6.3208061],[106.7035311,-6.3207464],[106.7035508,-6.3206932],[106.7035625,-6.3206279],[106.7035618,-6.3205409],[106.7035582,-6.3205057],[106.7035479,-6.3204333],[106.7035194,-6.3203474],[106.7034602,-6.3202229],[106.7034336,-6.3201751],[106.7034057,-6.3200806],[106.7033896,-6.3199841],[106.7034071,-6.3199168],[106.7034232,-6.3198568],[106.7034539,-6.3198144],[106.7034934,-6.3197778],[106.7035665,-6.3197558],[106.7038957,-6.3197996],[106.7040171,-6.3198536],[106.7042088,-6.319956],[106.7043317,-6.319994],[106.7043917,-6.3199954],[106.7045043,-6.3199661],[106.7045862,-6.3199075],[106.7046973,-6.3198124],[106.7048699,-6.3196017],[106.7049239,-6.3194817],[106.7049882,-6.3191613],[106.7050686,-6.3189594],[106.7051577,-6.3188101],[106.7052367,-6.3187179],[106.705285,-6.3187033],[106.7054268,-6.3186813],[106.7055146,-6.3186374],[106.7056505,-6.3183813],[106.7056548,-6.3181633],[106.7056768,-6.3181238],[106.7057236,-6.318096],[106.7057718,-6.3180316],[106.7057835,-6.317919],[106.7057542,-6.3178093],[106.7056795,-6.3176996],[106.7054761,-6.3173925],[106.7053883,-6.3173091],[106.7052624,-6.3171292],[106.7052375,-6.3170239],[106.7052535,-6.3169537],[106.7052901,-6.3169098],[106.7057348,-6.3168452],[106.7057538,-6.3167999],[106.7057435,-6.3167472],[106.7052928,-6.3163363],[106.7052738,-6.3162851],[106.7052854,-6.3161052],[106.7052956,-6.3159677],[106.7052838,-6.3158243],[106.7052648,-6.3157234],[106.7052294,-6.3155904],[106.7052417,-6.3153412],[106.7052558,-6.3152068],[106.7052957,-6.3150723],[106.7053106,-6.3149762],[106.7053057,-6.3148192],[106.705254,-6.3146004],[106.7052458,-6.314513],[106.7198393,-6.3122011]]]}},{"type":"Feature","properties":{"id":24,"nama_kp":"PAMULANG","aj":"KEBAYORAN","nama_area":"CIPUTAT","kd_kp":null,"kd_area":null},"geometry":{"type":"Polygon","coordinates":[[[106.7102711,-6.3422758],[106.7183028,-6.3365872],[106.7200987,-6.3364993],[106.7249653,-6.3361864],[106.7285672,-6.3357089],[106.7399238,-6.3319882],[106.7485726,-6.3331713],[106.7564846,-6.3315515],[106.7565178,-6.3293423],[106.7561306,-6.3551515],[106.7555981,-6.3874504],[106.7182444,-6.3774916],[106.7181604,-6.3563428],[106.7181422,-6.3562857],[106.7180718,-6.3561383],[106.7180036,-6.3559908],[106.7179809,-6.3559295],[106.7179764,-6.3558887],[106.7179922,-6.3558388],[106.718024,-6.3558024],[106.7181419,-6.3557502],[106.7183144,-6.3556911],[106.7185957,-6.3555912],[106.7188975,-6.3554957],[106.7190359,-6.3554072],[106.7190949,-6.3553005],[106.7191221,-6.3552483],[106.7191538,-6.3551915],[106.7191674,-6.3551575],[106.7191697,-6.3551325],[106.7191492,-6.3550441],[106.7191288,-6.3550009],[106.7190266,-6.3548512],[106.718938,-6.3547333],[106.7188495,-6.354613],[106.7187767,-6.3544864],[106.7187108,-6.3543718],[106.7186297,-6.3542804],[106.7185401,-6.3541377],[106.7184756,-6.3540986],[106.7184039,-6.3540847],[106.7183098,-6.3540573],[106.7182163,-6.3540487],[106.7181576,-6.3540385],[106.7180648,-6.3539764],[106.717944,-6.3539236],[106.7178426,-6.3538817],[106.7177162,-6.3538647],[106.7176294,-6.3538654],[106.7175591,-6.3538835],[106.7175592,-6.353887],[106.7174825,-6.3539096],[106.7173964,-6.3539423],[106.7173346,-6.3539479],[106.7172397,-6.3539391],[106.7171261,-6.3539233],[106.7169975,-6.3538929],[106.7167566,-6.3538468],[106.7165453,-6.3538158],[106.7164691,-6.3537838],[106.7164035,-6.3537683],[106.7163209,-6.3537706],[106.7162642,-6.3538047],[106.7161749,-6.3538643],[106.716083,-6.3538862],[106.7160175,-6.3538841],[106.7159616,-6.3538737],[106.7159009,-6.3538161],[106.7158568,-6.3537338],[106.7157983,-6.3536493],[106.7157513,-6.3535792],[106.7156821,-6.3534868],[106.7156113,-6.3533908],[106.7155509,-6.3533311],[106.7154666,-6.3532899],[106.71536,-6.3532891],[106.7152155,-6.3532931],[106.7151603,-6.3532606],[106.7150712,-6.3530797],[106.7150101,-6.3529264],[106.714971,-6.3527905],[106.7149303,-6.352689],[106.7148959,-6.3525566],[106.7148893,-6.3524649],[106.7148981,-6.3523396],[106.7149231,-6.3521683],[106.7149501,-6.3520652],[106.7149803,-6.3519475],[106.7150003,-6.35186],[106.7150212,-6.3517899],[106.7150757,-6.3517122],[106.7151221,-6.3516239],[106.7151788,-6.3515549],[106.7152401,-6.3515114],[106.7154028,-6.3514085],[106.715512,-6.3513482],[106.7156491,-6.3512763],[106.7158858,-6.351149],[106.7160532,-6.3510472],[106.7161071,-6.3510164],[106.7161596,-6.3509377],[106.7162055,-6.3508501],[106.7162581,-6.3507442],[106.7162771,-6.350644],[106.7162713,-6.3505717],[106.7162171,-6.3504704],[106.7161552,-6.3504149],[106.7160438,-6.3503643],[106.7159337,-6.3502999],[106.715819,-6.3502772],[106.7156822,-6.3502847],[106.7155907,-6.3503094],[106.7155454,-6.350332],[106.7155113,-6.3503829],[106.7154773,-6.3504804],[106.7154644,-6.3505451],[106.7154422,-6.3506391],[106.7154062,-6.3507197],[106.7153587,-6.3508102],[106.7153288,-6.3508624],[106.715254,-6.350901],[106.7151491,-6.3509342],[106.7149521,-6.3509961],[106.7148558,-6.3510288],[106.7147993,-6.3510519],[106.7147587,-6.3511171],[106.7147496,-6.3511714],[106.714752,-6.3512496],[106.7147577,-6.351351],[106.7147838,-6.3514571],[106.7147724,-6.3514998],[106.7147287,-6.3515379],[106.7146208,-6.3515682],[106.7145083,-6.351548],[106.7143326,-6.3514659],[106.7142417,-6.3514345],[106.7141083,-6.3513739],[106.7140588,-6.3513526],[106.7139447,-6.3512993],[106.7138235,-6.35125],[106.7136992,-6.3512048],[106.7136202,-6.3511911],[106.7135322,-6.3511631],[106.7134292,-6.3511242],[106.7133615,-6.3510945],[106.7133598,-6.3510912],[106.7133456,-6.3510828],[106.7133302,-6.3510659],[106.7133056,-6.3510305],[106.7132841,-6.3509921],[106.7132555,-6.3509351],[106.7132056,-6.350844],[106.7131699,-6.3507632],[106.7131404,-6.3507149],[106.7130791,-6.3506809],[106.713011,-6.3506528],[106.7129456,-6.3506214],[106.712853,-6.3505557],[106.7127157,-6.3504692],[106.7125858,-6.35039],[106.7124866,-6.3503287],[106.7123886,-6.3502729],[106.7123333,-6.3502394],[106.7122957,-6.3501959],[106.712265,-6.3501247],[106.7122401,-6.3500463],[106.7121963,-6.3499468],[106.7121564,-6.3498723],[106.7121318,-6.3498087],[106.7120935,-6.3497302],[106.7120435,-6.349693],[106.711972,-6.3496631],[106.7118907,-6.3496725],[106.7117809,-6.3497089],[106.7116427,-6.3497658],[106.7115671,-6.3497759],[106.7115211,-6.34976],[106.7115214,-6.3497705],[106.7114452,-6.3497182],[106.7113509,-6.349614],[106.7113018,-6.3495597],[106.7112874,-6.3494833],[106.7112935,-6.3493795],[106.7113178,-6.3492851],[106.7113652,-6.3492071],[106.7114046,-6.3491297],[106.7114701,-6.3490482],[106.7114971,-6.3489858],[106.71152,-6.348893],[106.7115249,-6.3488118],[106.7115185,-6.348726],[106.711512,-6.3486325],[106.7114989,-6.3485664],[106.7114744,-6.348489],[106.7114546,-6.3484417],[106.7113734,-6.3482952],[106.7113156,-6.3481682],[106.7112794,-6.3479978],[106.711239,-6.3478478],[106.7111826,-6.3477746],[106.7111356,-6.3476257],[106.7110801,-6.3475038],[106.7109447,-6.3473908],[106.7107779,-6.3472723],[106.7106578,-6.3471369],[106.7106169,-6.3470689],[106.7106021,-6.3470126],[106.7105975,-6.3468982],[106.7106046,-6.3466931],[106.7106158,-6.3466721],[106.7106304,-6.3466586],[106.7106398,-6.3466467],[106.7106433,-6.3466307],[106.710644,-6.3465774],[106.7106264,-6.3463872],[106.7105915,-6.3462627],[106.710562,-6.3461475],[106.7105619,-6.3460413],[106.7106417,-6.34583],[106.7106764,-6.345761],[106.7107232,-6.3456738],[106.7107682,-6.3455065],[106.7107694,-6.3454104],[106.7107539,-6.3453054],[106.7106938,-6.3452003],[106.7106009,-6.3450881],[106.7104563,-6.3449318],[106.7103046,-6.3447801],[106.7101563,-6.3446301],[106.7099412,-6.3444605],[106.7098644,-6.3442803],[106.7098452,-6.3441516],[106.7098376,-6.3440421],[106.7098133,-6.3439109],[106.7097934,-6.3437222],[106.7097656,-6.3435808],[106.7097254,-6.3434851],[106.7097157,-6.3434368],[106.7097187,-6.3434084],[106.7097279,-6.343384],[106.7098536,-6.3433159],[106.7099713,-6.3432707],[106.7100301,-6.3432197],[106.7100645,-6.3430982],[106.7100972,-6.3429237],[106.7101741,-6.3428709],[106.7102548,-6.3428638],[106.7103186,-6.342859],[106.7103976,-6.3428457],[106.7104701,-6.3428023],[106.7104962,-6.3427313],[106.7104841,-6.3426378],[106.7104498,-6.3425205],[106.7103832,-6.3423979],[106.7103181,-6.3423087],[106.7102711,-6.3422758]]]}},{"type":"Feature","properties":{"id":25,"nama_kp":"LENTENG AGUNG","aj":"KRAMATJATI","nama_area":"LENTENG AGUNG","kd_kp":null,"kd_area":null},"geometry":{"type":"Polygon","coordinates":[[[106.8585269,-6.3055706],[106.8585082,-6.3057982],[106.8581293,-6.3060246],[106.857663,-6.3061926],[106.8574516,-6.3063022],[106.8574592,-6.3066668],[106.8576418,-6.3072428],[106.8576713,-6.3077023],[106.8575986,-6.3080816],[106.8573583,-6.3083443],[106.8569288,-6.3092271],[106.8568709,-6.3097376],[106.8568348,-6.3102482],[106.8569589,-6.3105252],[106.857287,-6.3106927],[106.8577972,-6.3106559],[106.8583003,-6.310816],[106.8583077,-6.311064],[106.8581767,-6.3113777],[106.8577178,-6.3118229],[106.8564212,-6.3130126],[106.8558822,-6.3135964],[106.8554086,-6.3138447],[106.855168,-6.3138667],[106.8548619,-6.313794],[106.8547741,-6.313444],[106.8547591,-6.312722],[106.8546131,-6.3124158],[106.8528481,-6.3109729],[106.8524472,-6.3109075],[106.8523016,-6.3112067],[106.8522436,-6.3116297],[106.8522151,-6.3125705],[106.8520477,-6.3129426],[106.85172,-6.3133658],[106.8513851,-6.313986],[106.8512396,-6.3144237],[106.8511816,-6.3148394],[106.8518164,-6.3158308],[106.8516635,-6.3161227],[106.851394,-6.3164],[106.8508329,-6.316641],[106.8504248,-6.3168309],[106.8494413,-6.3175317],[106.8493977,-6.3178235],[106.8493837,-6.3186841],[106.8489975,-6.3188448],[106.8486256,-6.3185825],[106.8482755,-6.3183567],[106.8472186,-6.3182771],[106.8467592,-6.3180805],[106.84681,-6.317745],[106.847189,-6.3176427],[106.8478595,-6.3175766],[106.8482531,-6.317445],[106.8484788,-6.3171677],[106.8486753,-6.3166279],[106.8488206,-6.3159568],[106.8487474,-6.3153953],[106.8484483,-6.315133],[106.8477997,-6.3152866],[106.8473771,-6.3155202],[106.8468526,-6.3160676],[106.8466634,-6.3165053],[106.8461826,-6.3169432],[106.8458036,-6.3170382],[106.8453661,-6.3168124],[106.8446954,-6.3165649],[106.8443673,-6.3165506],[106.8440833,-6.3169592],[106.8440253,-6.3174478],[106.8441131,-6.3178927],[106.8438874,-6.318345],[106.8434867,-6.3185932],[106.8431439,-6.3183017],[106.8425022,-6.3179667],[106.8419483,-6.3180837],[106.8412341,-6.3182519],[106.840651,-6.3183398],[106.8402211,-6.3185224],[106.8397474,-6.3187124],[106.8394342,-6.3190772],[106.8388516,-6.3198653],[106.838473,-6.3205],[106.8383348,-6.3210252],[106.838459,-6.3213825],[106.8388965,-6.3216812],[106.8391954,-6.3216519],[106.8397566,-6.3215567],[106.8402667,-6.3213886],[106.8406894,-6.3212862],[106.8409155,-6.3214319],[106.8408793,-6.321782],[106.8400995,-6.322118],[106.839976,-6.3226651],[106.8408875,-6.3232334],[106.8419304,-6.3241006],[106.8425652,-6.3250628],[106.84293,-6.3256023],[106.8431419,-6.3263096],[106.843113,-6.3267107],[106.8426397,-6.3275352],[106.8422608,-6.3276157],[106.8419108,-6.3275794],[106.8417794,-6.3271419],[106.8414802,-6.3266535],[106.8411378,-6.3269673],[106.8410433,-6.3274341],[106.8408032,-6.3281344],[106.8405558,-6.328718],[106.8402063,-6.3292798],[106.8405054,-6.3297172],[106.841417,-6.3304314],[106.8418547,-6.3309124],[106.8423279,-6.3311447],[106.8430655,-6.3312262],[106.8434481,-6.3316086],[106.842629,-6.3320737],[106.8413181,-6.3323478],[106.8402255,-6.3321299],[106.8398162,-6.3327587],[106.8397628,-6.334617],[106.8396812,-6.3352456],[106.8398727,-6.3357101],[106.8405013,-6.3362562],[106.8403105,-6.3368575],[106.8403659,-6.3380872],[106.8402572,-6.3389891],[106.8393566,-6.3400282],[106.8392203,-6.3405202],[106.8394664,-6.3408753],[106.8400126,-6.3408202],[106.840491,-6.3408446],[106.8408581,-6.3411899],[106.8409448,-6.3417513],[106.840902,-6.342248],[106.8404706,-6.342637],[106.8398014,-6.3425511],[106.8389378,-6.3421197],[106.838484,-6.3413426],[106.8380523,-6.3412997],[106.8376855,-6.3415159],[106.8370167,-6.3419698],[106.8354208,-6.3440008],[106.8354642,-6.3443679],[106.8357233,-6.3446052],[106.8363494,-6.344756],[106.8368458,-6.3446909],[106.8371476,-6.3442156],[106.8373201,-6.3438268],[106.8378378,-6.3434377],[106.8383989,-6.3433078],[106.838917,-6.3433291],[106.8394136,-6.3435663],[106.8397809,-6.3441707],[106.8396951,-6.3449698],[106.8394365,-6.3456394],[106.8391995,-6.3462442],[106.8385738,-6.3466765],[106.8378183,-6.3466554],[106.837646,-6.347109],[106.8377757,-6.3474544],[106.8380997,-6.3479077],[106.8381006,-6.349225],[106.8381871,-6.3494625],[106.8388135,-6.3502179],[106.8392457,-6.3509087],[106.8393325,-6.3516644],[106.8391816,-6.3519453],[106.8371743,-6.3520977],[106.8355553,-6.351818],[106.8353398,-6.3522501],[106.8355557,-6.3524659],[106.8358582,-6.3529408],[106.8357728,-6.3543661],[106.8373538,-6.3549759],[106.8375812,-6.3552031],[106.8376572,-6.3555315],[106.8369757,-6.3560119],[106.8359153,-6.3560631],[106.8353093,-6.3560887],[106.8350823,-6.356392],[106.8350325,-6.3575288],[106.8351339,-6.358135],[106.8353614,-6.358539],[106.8356644,-6.3585136],[106.8363708,-6.3576795],[106.8365979,-6.3574015],[106.8370273,-6.3576538],[106.8374571,-6.3584366],[106.8376341,-6.3588659],[106.8379877,-6.3591436],[106.8387202,-6.3594968],[106.8389478,-6.3599513],[106.8389228,-6.3604313],[106.8385442,-6.3606841],[106.8374334,-6.3608112],[106.836979,-6.3609883],[106.836626,-6.3617716],[106.8365757,-6.3620748],[106.8367275,-6.3625547],[106.8369299,-6.363085],[106.8372836,-6.3635395],[106.8377636,-6.3638423],[106.8382433,-6.3638167],[106.8383694,-6.363564],[106.8383437,-6.3629578],[106.8379898,-6.3622507],[106.8381409,-6.3616949],[106.8385194,-6.3613662],[106.8390244,-6.3613659],[106.8393528,-6.361492],[106.8395045,-6.3618455],[106.8391516,-6.3627804],[106.8391269,-6.3635888],[106.8394809,-6.3643464],[106.8398094,-6.3648261],[106.8395827,-6.3655336],[106.8391537,-6.3660138],[106.8388512,-6.3667466],[106.8388013,-6.3675803],[106.8391296,-6.3677316],[106.8396093,-6.367706],[106.8406694,-6.3670486],[106.8410734,-6.3669725],[106.8414775,-6.3672754],[106.8416799,-6.3677805],[106.8415034,-6.3682605],[106.8407211,-6.3688926],[106.8389034,-6.3693232],[106.8374638,-6.3688189],[106.8366811,-6.3688195],[106.8350142,-6.3682901],[106.8340042,-6.3682654],[106.8328176,-6.3683925],[106.8320853,-6.368393],[106.8314792,-6.3681913],[106.8319838,-6.3675847],[106.8320328,-6.3652354],[106.8319555,-6.3628104],[106.8316261,-6.3610423],[106.8301362,-6.3607401],[106.8296314,-6.3611446],[106.8280902,-6.3594784],[106.8253885,-6.3595053],[106.822858,-6.3614494],[106.8208854,-6.3677785],[106.8202385,-6.3679078],[106.8195688,-6.3695591],[106.8179872,-6.3690986],[106.8161096,-6.3693964],[106.8151874,-6.3697265],[106.8133096,-6.3697606],[106.8113326,-6.3691027],[106.8098502,-6.3691036],[106.8082685,-6.3684783],[106.806885,-6.3685451],[106.8060282,-6.3681501],[106.8050728,-6.3681506],[106.8042495,-6.3686125],[106.8036236,-6.3686459],[106.8029649,-6.3689099],[106.7989458,-6.3688463],[106.7980228,-6.3678581],[106.7973635,-6.3671005],[106.7970669,-6.3669359],[106.7951891,-6.3669369],[106.7948596,-6.3667394],[106.7944639,-6.3661793],[106.7945626,-6.3658497],[106.7947598,-6.3650586],[106.79443,-6.3643337],[106.7939029,-6.3643669],[106.7937379,-6.3638397],[106.7930459,-6.3634776],[106.7932761,-6.3628512],[106.7937042,-6.3625544],[106.7935061,-6.3622111],[106.7933691,-6.3606364],[106.7936629,-6.3600478],[106.7933687,-6.3598421],[106.7929862,-6.3594598],[106.7924861,-6.3591364],[106.7923971,-6.3578714],[106.7929264,-6.3577828],[106.7928967,-6.3573121],[106.7931318,-6.3569001],[106.7931315,-6.3564587],[106.7928961,-6.3561353],[106.792984,-6.355635],[106.7928074,-6.3552821],[106.7931306,-6.3548994],[106.7940126,-6.3543988],[106.7937477,-6.3541047],[106.7936006,-6.3538988],[106.7931301,-6.3538991],[106.7933061,-6.3531635],[106.793012,-6.3530754],[106.7927471,-6.3527225],[106.7925116,-6.3523401],[106.7927173,-6.3520752],[106.7929818,-6.351722],[106.7930111,-6.3514572],[106.7936874,-6.3513686],[106.7939225,-6.3511625],[106.7940106,-6.3508976],[106.793981,-6.3505152],[106.7936574,-6.3503977],[106.7936277,-6.3497799],[106.7933335,-6.3496329],[106.7929806,-6.3495154],[106.7928627,-6.3491036],[106.7929797,-6.3480738],[106.7935086,-6.3473085],[106.7938319,-6.3470141],[106.794214,-6.3466609],[106.7947725,-6.3462781],[106.7951841,-6.3460719],[106.7956546,-6.3459834],[106.7961548,-6.3465421],[106.7965371,-6.3465419],[106.796831,-6.3463063],[106.7971837,-6.3458942],[106.7973598,-6.345394],[106.797389,-6.3448938],[106.7977122,-6.34457],[106.7981239,-6.3445109],[106.7983002,-6.3442166],[106.7988881,-6.343922],[106.7989466,-6.3432453],[106.7993876,-6.3431274],[106.7994463,-6.3429508],[106.7992109,-6.342745],[106.7997986,-6.3419209],[106.7995927,-6.3418033],[106.7995923,-6.3412149],[106.8000922,-6.3411557],[106.8001215,-6.3409203],[106.7999449,-6.3406262],[106.8001506,-6.3403319],[106.8000328,-6.3400966],[106.7998561,-6.3396554],[106.7995618,-6.3392437],[106.7990028,-6.3387438],[106.798679,-6.3382144],[106.7988846,-6.3378318],[106.798943,-6.3371257],[106.7988546,-6.3366844],[106.798678,-6.3365374],[106.7988541,-6.3359195],[106.79903,-6.3350073],[106.7990886,-6.3346248],[106.7988533,-6.3344484],[106.798853,-6.3340365],[106.7991466,-6.3330949],[106.8006466,-6.3336824],[106.8012053,-6.3336527],[106.8016462,-6.3333288],[106.8018518,-6.3328285],[106.8018809,-6.3323872],[106.8014102,-6.3320344],[106.8012924,-6.3317108],[106.8013804,-6.3313577],[106.8019097,-6.3313574],[106.8022917,-6.3309159],[106.8028503,-6.3305625],[106.8033792,-6.3299738],[106.8034966,-6.329503],[106.8032901,-6.3284439],[106.8034659,-6.3274141],[106.8041419,-6.3267958],[106.8041123,-6.3263545],[106.8042003,-6.3261191],[106.804259,-6.3258837],[106.803994,-6.325266],[106.8042585,-6.3250305],[106.8045819,-6.3249126],[106.804611,-6.324383],[106.8050225,-6.3241474],[106.8048754,-6.3240004],[106.8049635,-6.3237355],[106.8053751,-6.3236176],[106.8059927,-6.3237938],[106.8061102,-6.3235289],[106.8059924,-6.323323],[106.8057862,-6.322617],[106.8060509,-6.3226757],[106.8066684,-6.3227048],[106.8070799,-6.3224398],[106.8071386,-6.3221455],[106.806903,-6.3217043],[106.8064619,-6.3216458],[106.806403,-6.3214398],[106.8065793,-6.3211749],[106.8071673,-6.3210275],[106.8073142,-6.3207626],[106.8073433,-6.3203507],[106.8075196,-6.3200858],[106.8074313,-6.3199093],[106.8073428,-6.3194681],[106.8076072,-6.3190266],[106.8081364,-6.3188497],[106.808048,-6.3186144],[106.8077539,-6.3184675],[106.807636,-6.3179968],[106.8076357,-6.3175261],[106.8079296,-6.3172905],[106.8081647,-6.3169373],[106.8084587,-6.3169666],[106.8087232,-6.3166134],[106.8085172,-6.3163487],[106.8086053,-6.3161133],[106.8089287,-6.3161425],[106.8091343,-6.3157011],[106.8090458,-6.3152304],[106.8092515,-6.3149949],[106.8090161,-6.314642],[106.8090453,-6.3143183],[106.8088981,-6.3140831],[106.8085745,-6.3137596],[106.8082802,-6.3133773],[106.8079273,-6.3133481],[106.8078683,-6.3130833],[106.8083679,-6.3126123],[106.8079261,-6.311318],[106.8079847,-6.3109355],[106.8084551,-6.3107587],[106.8084254,-6.3103174],[106.807984,-6.3097881],[106.8077485,-6.3092587],[106.807278,-6.3093766],[106.8068957,-6.3091415],[106.8069542,-6.3086413],[106.8072776,-6.3086705],[106.8085123,-6.3081696],[106.808571,-6.3079342],[106.8082468,-6.3067281],[106.8085996,-6.3066102],[106.8085406,-6.306169],[106.8085402,-6.3055805],[106.8090401,-6.3055214],[106.8091281,-6.3053154],[106.8094536,-6.3052397],[106.8093763,-6.305147],[106.8085953,-6.3040806],[106.808456,-6.3037869],[106.8084404,-6.3035704],[106.808394,-6.3034081],[106.8080538,-6.3031609],[106.8079766,-6.3031532],[106.8078453,-6.3032615],[106.8077371,-6.303277],[106.807513,-6.3031766],[106.8071651,-6.3029217],[106.8071573,-6.3027671],[106.8073504,-6.3026201],[106.8074815,-6.3022798],[106.8074428,-6.3021716],[106.8072342,-6.3021021],[106.8063373,-6.3010821],[106.8062676,-6.3009198],[106.8061129,-6.3005411],[106.8060972,-6.3002628],[106.8061898,-6.2999303],[106.806151,-6.299737],[106.8061276,-6.2992809],[106.8060966,-6.2992113],[106.8059652,-6.2991031],[106.8058492,-6.2989563],[106.8060886,-6.2986083],[106.8060344,-6.2984923],[106.8058566,-6.2983842],[106.805733,-6.2984152],[106.8055785,-6.2985235],[106.8054317,-6.2985391],[106.8051999,-6.2985005],[106.8051148,-6.2983846],[106.8049833,-6.2980986],[106.8050373,-6.2979749],[106.8052382,-6.2978588],[106.8053231,-6.2977042],[106.805377,-6.2974413],[106.8054462,-6.2969155],[106.8056007,-6.2967221],[106.8059328,-6.2965054],[106.8061876,-6.2962888],[106.8062725,-6.2961187],[106.806543,-6.2960953],[106.806682,-6.2959793],[106.8067823,-6.2958169],[106.80679,-6.2956468],[106.8067203,-6.2955076],[106.8065734,-6.295384],[106.8064267,-6.295446],[106.8063262,-6.2954537],[106.8063107,-6.2953842],[106.8064034,-6.295214],[106.8064264,-6.2950517],[106.8064186,-6.2948275],[106.8063411,-6.2945028],[106.8062174,-6.2943637],[106.8060319,-6.294302],[106.8058542,-6.2943407],[106.8056766,-6.2943717],[106.8055761,-6.2943409],[106.8055219,-6.2942017],[106.8055527,-6.2940394],[106.8056608,-6.2939079],[106.8056917,-6.2938151],[106.8055989,-6.2937224],[106.8050888,-6.2934985],[106.8050887,-6.2933516],[106.8051118,-6.2931041],[106.8053435,-6.2930112],[106.8054593,-6.2927947],[106.8055384,-6.2925671],[106.8129481,-6.2923451],[106.8185464,-6.2927205],[106.822412,-6.2940884],[106.8272344,-6.296116],[106.8294294,-6.2972804],[106.832382,-6.2990077],[106.8341108,-6.3001141],[106.8362477,-6.3015699],[106.8374327,-6.3022685],[106.8394137,-6.3029861],[106.8410579,-6.3032746],[106.8434514,-6.3036277],[106.8454128,-6.3039226],[106.8464565,-6.3040288],[106.8480877,-6.3041832],[106.8491655,-6.304265],[106.850049,-6.3043179],[106.8509957,-6.3043561],[106.8522676,-6.3044329],[106.8531318,-6.3045878],[106.8534086,-6.3046556],[106.8539135,-6.3048204],[106.8549963,-6.3051791],[106.8558752,-6.3054165],[106.8565306,-6.3055423],[106.8574318,-6.3055526],[106.8579812,-6.3055635],[106.8582783,-6.3055974],[106.8585269,-6.3055706]]]}},{"type":"Feature","properties":{"id":26,"nama_kp":"PONDOK KOPI","aj":"KRAMATJATI","nama_area":"PONDOK KOPI","kd_kp":null,"kd_area":null},"geometry":{"type":"Polygon","coordinates":[[[107.0056711,-6.2168521],[107.0053307,-6.2243899],[107.0028318,-6.230585],[107.0007733,-6.2348629],[106.9985692,-6.2415],[106.9936666,-6.2544483],[106.9889742,-6.2526147],[106.9867973,-6.2514857],[106.9824015,-6.2494539],[106.9777666,-6.2487229],[106.974687,-6.2491216],[106.9723988,-6.2498305],[106.9705207,-6.2509491],[106.966934,-6.2532286],[106.9623159,-6.2554948],[106.9570891,-6.2564607],[106.9393503,-6.2573296],[106.9288889,-6.257928],[106.9207852,-6.2585244],[106.9138702,-6.2580094],[106.9044623,-6.2549249],[106.9024941,-6.2528291],[106.9028865,-6.2448178],[106.896459,-6.234087],[106.8985909,-6.228734],[106.8992451,-6.2228589],[106.8999777,-6.2174027],[106.901532,-6.210058],[106.9030631,-6.2058995],[106.904808,-6.199493],[106.905413,-6.194215],[106.9064059,-6.1888392],[106.9059433,-6.1863875],[106.9102203,-6.1824326],[106.9108223,-6.1828615],[106.9152741,-6.1831831],[106.9193989,-6.1825901],[106.9254184,-6.1836249],[106.9364144,-6.182287],[106.9409666,-6.1842768],[106.9428194,-6.18399],[106.9591201,-6.1873867],[106.9686051,-6.190344],[106.9733498,-6.1941951],[106.9759888,-6.2003834],[106.9795855,-6.2082761],[106.9831465,-6.2137593],[106.9912986,-6.2167174],[106.9961886,-6.2167314],[107.0056711,-6.2168521]]]}},{"type":"Feature","properties":{"id":27,"nama_kp":"JATINEGARA","aj":"KRAMATJATI","nama_area":"JATINEGARA","kd_kp":null,"kd_area":null},"geometry":{"type":"Polygon","coordinates":[[[106.8996381,-6.219244],[106.8985909,-6.228734],[106.896459,-6.234087],[106.9028865,-6.2448178],[106.9024941,-6.2528291],[106.8999836,-6.2500817],[106.8976402,-6.2461144],[106.8964206,-6.2451839],[106.8920096,-6.2438122],[106.8894484,-6.2451186],[106.885962,-6.2470988],[106.8830593,-6.2476775],[106.8792918,-6.247525],[106.8746363,-6.2461239],[106.8712902,-6.2456014],[106.862664,-6.2431824],[106.8562648,-6.2449432],[106.8461302,-6.2439558],[106.83711,-6.2414777],[106.8346618,-6.2407269],[106.8352168,-6.2379547],[106.8364318,-6.2335345],[106.8361013,-6.2286818],[106.8353826,-6.224628],[106.8356886,-6.2231842],[106.8372186,-6.2229413],[106.8385727,-6.2216053],[106.8406155,-6.2214162],[106.8406767,-6.2193718],[106.8412383,-6.2173062],[106.8431126,-6.2145513],[106.8440925,-6.2148844],[106.8452796,-6.2130687],[106.865073,-6.2134007],[106.8773304,-6.2150839],[106.8878384,-6.217282],[106.8996381,-6.219244]]]}},{"type":"Feature","properties":{"id":30,"nama_kp":"GUNUNG SAHARI","aj":"GAMBIR","nama_area":"BANDENGAN","kd_kp":"220","kd_area":"210"},"geometry":{"type":"Polygon","coordinates":[[[106.8616564,-6.1094935],[106.8701977,-6.1040149],[106.8732411,-6.1031956],[106.872632,-6.1085892],[106.8648072,-6.1125312],[106.8651714,-6.1200964],[106.8577538,-6.1235729],[106.8538453,-6.125469],[106.8545824,-6.1274882],[106.8548576,-6.1305177],[106.8566086,-6.1400262],[106.8580859,-6.1486934],[106.8601256,-6.1497861],[106.8612613,-6.1506058],[106.8610708,-6.1520201],[106.8602545,-6.1538676],[106.8602292,-6.153818],[106.8588615,-6.1552828],[106.8582848,-6.1556324],[106.8569708,-6.1571777],[106.8560177,-6.1565606],[106.8561114,-6.1562785],[106.8566342,-6.1554186],[106.8547955,-6.1548961],[106.8548494,-6.1552855],[106.854782,-6.1556123],[106.8539287,-6.1576696],[106.8531238,-6.1587362],[106.853825,-6.15944],[106.853825,-6.15944],[106.8519285,-6.1597182],[106.8513877,-6.1598211],[106.8513426,-6.1592882],[106.8485941,-6.1597263],[106.8482332,-6.1587258],[106.8478528,-6.1584654],[106.8472643,-6.156598],[106.8457452,-6.1567688],[106.843722,-6.157339],[106.8419526,-6.1577969],[106.8404244,-6.1581685],[106.8400777,-6.1582604],[106.8380964,-6.1588732],[106.8365157,-6.1594762],[106.8352142,-6.160036],[106.8338625,-6.1588864],[106.8338361,-6.15788],[106.8334427,-6.1579556],[106.8315871,-6.1585142],[106.8292559,-6.1592669],[106.827686,-6.1598022],[106.8272226,-6.1598346],[106.8273434,-6.1602611],[106.8279466,-6.1620661],[106.8266178,-6.161626],[106.8247214,-6.1609286],[106.8227016,-6.1602053],[106.8206893,-6.159453],[106.8205148,-6.1594527],[106.8191427,-6.1596479],[106.8190671,-6.1593286],[106.8137147,-6.1386153],[106.8130977,-6.1363426],[106.8119227,-6.136618],[106.8113846,-6.1343321],[106.8104139,-6.1303988],[106.8078094,-6.1149467],[106.8095747,-6.1185567],[106.8131805,-6.1186786],[106.8156314,-6.1186293],[106.8163439,-6.1142528],[106.8219684,-6.1149522],[106.8279289,-6.1159219],[106.8285282,-6.1184939],[106.8299762,-6.1202472],[106.8350898,-6.1198652],[106.8435486,-6.1189366],[106.852769,-6.1170332],[106.8565727,-6.1150155],[106.8558025,-6.1107021],[106.8586673,-6.1094725],[106.8616564,-6.1094935]]]}},{"type":"Feature","properties":{"id":28,"nama_kp":"CINERE","aj":"KEBAYORAN","nama_area":"CIPUTAT","kd_kp":null,"kd_area":null},"geometry":{"type":"Polygon","coordinates":[[[106.7665721,-6.29064],[106.7681983,-6.2896747],[106.7697123,-6.2892791],[106.7747462,-6.2891781],[106.7762272,-6.2893089],[106.7775431,-6.2888471],[106.7805048,-6.2904569],[106.7846187,-6.2919344],[106.7861984,-6.2923936],[106.7952593,-6.2927733],[106.7957125,-6.2926723],[106.8046567,-6.2926132],[106.8055322,-6.2925849],[106.8054593,-6.2927947],[106.8053435,-6.2930112],[106.8051118,-6.2931041],[106.8050887,-6.2933516],[106.8050888,-6.2934985],[106.8055989,-6.2937224],[106.8056917,-6.2938151],[106.8056608,-6.2939079],[106.8055527,-6.2940394],[106.8055219,-6.2942017],[106.8055761,-6.2943409],[106.8056766,-6.2943717],[106.8058542,-6.2943407],[106.8060319,-6.294302],[106.8062174,-6.2943637],[106.8063411,-6.2945028],[106.8064186,-6.2948275],[106.8064264,-6.2950517],[106.8064034,-6.295214],[106.8063107,-6.2953842],[106.8063262,-6.2954537],[106.8064267,-6.295446],[106.8065734,-6.295384],[106.8067203,-6.2955076],[106.80679,-6.2956468],[106.8067823,-6.2958169],[106.806682,-6.2959793],[106.806543,-6.2960953],[106.8062725,-6.2961187],[106.8061876,-6.2962888],[106.8059328,-6.2965054],[106.8056007,-6.2967221],[106.8054462,-6.2969155],[106.805377,-6.2974413],[106.8053231,-6.2977042],[106.8052382,-6.2978588],[106.8050373,-6.2979749],[106.8049833,-6.2980986],[106.8051148,-6.2983846],[106.8051999,-6.2985005],[106.8054317,-6.2985391],[106.8055785,-6.2985235],[106.805733,-6.2984152],[106.8058566,-6.2983842],[106.8060344,-6.2984923],[106.8060886,-6.2986083],[106.8058492,-6.2989563],[106.8059652,-6.2991031],[106.8060966,-6.2992113],[106.8061276,-6.2992809],[106.806151,-6.299737],[106.8061898,-6.2999303],[106.8060972,-6.3002628],[106.8061129,-6.3005411],[106.8062676,-6.3009198],[106.8063373,-6.3010821],[106.8072342,-6.3021021],[106.8074428,-6.3021716],[106.8074815,-6.3022798],[106.8073504,-6.3026201],[106.8071573,-6.3027671],[106.8071651,-6.3029217],[106.807513,-6.3031766],[106.8077371,-6.303277],[106.8078453,-6.3032615],[106.8079766,-6.3031532],[106.8080538,-6.3031609],[106.808394,-6.3034081],[106.8084404,-6.3035704],[106.808456,-6.3037869],[106.8085953,-6.3040806],[106.8093763,-6.305147],[106.8094536,-6.3052397],[106.8091281,-6.3053154],[106.8090401,-6.3055214],[106.8085402,-6.3055805],[106.8085406,-6.306169],[106.8085996,-6.3066102],[106.8082468,-6.3067281],[106.808571,-6.3079342],[106.8085123,-6.3081696],[106.8072776,-6.3086705],[106.8069542,-6.3086413],[106.8068957,-6.3091415],[106.807278,-6.3093766],[106.8077485,-6.3092587],[106.807984,-6.3097881],[106.8084254,-6.3103174],[106.8084551,-6.3107587],[106.8079847,-6.3109355],[106.8079261,-6.311318],[106.8083679,-6.3126123],[106.8078683,-6.3130833],[106.8079273,-6.3133481],[106.8082802,-6.3133773],[106.8085745,-6.3137596],[106.8088981,-6.3140831],[106.8090453,-6.3143183],[106.8090161,-6.314642],[106.8092515,-6.3149949],[106.8090458,-6.3152304],[106.8091343,-6.3157011],[106.8089287,-6.3161425],[106.8086053,-6.3161133],[106.8085172,-6.3163487],[106.8087232,-6.3166134],[106.8084587,-6.3169666],[106.8081647,-6.3169373],[106.8079296,-6.3172905],[106.8076357,-6.3175261],[106.807636,-6.3179968],[106.8077539,-6.3184675],[106.808048,-6.3186144],[106.8081364,-6.3188497],[106.8076072,-6.3190266],[106.8073428,-6.3194681],[106.8074313,-6.3199093],[106.8075196,-6.3200858],[106.8073433,-6.3203507],[106.8073142,-6.3207626],[106.8071673,-6.3210275],[106.8065793,-6.3211749],[106.806403,-6.3214398],[106.8064619,-6.3216458],[106.806903,-6.3217043],[106.8071386,-6.3221455],[106.8070799,-6.3224398],[106.8066684,-6.3227048],[106.8060509,-6.3226757],[106.8057862,-6.322617],[106.8059924,-6.323323],[106.8061102,-6.3235289],[106.8059927,-6.3237938],[106.8053751,-6.3236176],[106.8049635,-6.3237355],[106.8048754,-6.3240004],[106.8050225,-6.3241474],[106.804611,-6.324383],[106.8045819,-6.3249126],[106.8042585,-6.3250305],[106.803994,-6.325266],[106.804259,-6.3258837],[106.8042003,-6.3261191],[106.8041123,-6.3263545],[106.8041419,-6.3267958],[106.8034659,-6.3274141],[106.8032901,-6.3284439],[106.8034966,-6.329503],[106.8033792,-6.3299738],[106.8028503,-6.3305625],[106.8022917,-6.3309159],[106.8019097,-6.3313574],[106.8013804,-6.3313577],[106.8012924,-6.3317108],[106.8014102,-6.3320344],[106.8018809,-6.3323872],[106.8018518,-6.3328285],[106.8016462,-6.3333288],[106.8012053,-6.3336527],[106.8006466,-6.3336824],[106.7991466,-6.3330949],[106.798853,-6.3340365],[106.7988533,-6.3344484],[106.7990886,-6.3346248],[106.79903,-6.3350073],[106.7988541,-6.3359195],[106.798678,-6.3365374],[106.7988546,-6.3366844],[106.798943,-6.3371257],[106.7988846,-6.3378318],[106.798679,-6.3382144],[106.7990028,-6.3387438],[106.7995618,-6.3392437],[106.7998561,-6.3396554],[106.8000328,-6.3400966],[106.8001506,-6.3403319],[106.7999449,-6.3406262],[106.8001215,-6.3409203],[106.8000922,-6.3411557],[106.7995923,-6.3412149],[106.7995927,-6.3418033],[106.7997986,-6.3419209],[106.7992109,-6.342745],[106.7994463,-6.3429508],[106.7993876,-6.3431274],[106.7989466,-6.3432453],[106.7988881,-6.343922],[106.7983002,-6.3442166],[106.7981239,-6.3445109],[106.7977122,-6.34457],[106.797389,-6.3448938],[106.7973598,-6.345394],[106.7971837,-6.3458942],[106.796831,-6.3463063],[106.7965371,-6.3465419],[106.7961548,-6.3465421],[106.7956546,-6.3459834],[106.7951841,-6.3460719],[106.7947725,-6.3462781],[106.794214,-6.3466609],[106.7938319,-6.3470141],[106.7935086,-6.3473085],[106.7929797,-6.3480738],[106.7928627,-6.3491036],[106.7929806,-6.3495154],[106.7933335,-6.3496329],[106.7936277,-6.3497799],[106.7936574,-6.3503977],[106.793981,-6.3505152],[106.7940106,-6.3508976],[106.7939225,-6.3511625],[106.7936874,-6.3513686],[106.7930111,-6.3514572],[106.7929818,-6.351722],[106.7927173,-6.3520752],[106.7925116,-6.3523401],[106.7927471,-6.3527225],[106.793012,-6.3530754],[106.7933061,-6.3531635],[106.7931301,-6.3538991],[106.7936006,-6.3538988],[106.7937477,-6.3541047],[106.7940126,-6.3543988],[106.7931306,-6.3548994],[106.7928074,-6.3552821],[106.7929673,-6.3556017],[106.7930337,-6.379359],[106.7555981,-6.3874504],[106.7561306,-6.3551515],[106.7567448,-6.3142084],[106.7577596,-6.312686],[106.7569972,-6.3100252],[106.759279,-6.3069812],[106.7586442,-6.306221],[106.7569953,-6.3062218],[106.7625563,-6.3002267],[106.7642184,-6.2983885],[106.7650252,-6.2974197],[106.765418,-6.2968007],[106.7655183,-6.2963576],[106.765518,-6.2957076],[106.7654303,-6.295345],[106.7652613,-6.2950146],[106.7651042,-6.2945023],[106.7652294,-6.2936212],[106.7655034,-6.2927019],[106.7660536,-6.291246],[106.7665721,-6.29064]]]}},{"type":"Feature","properties":{"id":21,"nama_kp":"BANDENGAN","aj":"GAMBIR","nama_area":"BANDENGAN","kd_kp":"210","kd_area":"210"},"geometry":{"type":"Polygon","coordinates":[[[106.8119227,-6.1366694],[106.8130729,-6.1365356],[106.8136133,-6.1385936],[106.8189933,-6.1590911],[106.8191427,-6.1596479],[106.8182463,-6.1598445],[106.8170035,-6.1600688],[106.8143249,-6.16045],[106.812832,-6.1606539],[106.811831,-6.1606674],[106.8111435,-6.1607323],[106.8107719,-6.1608248],[106.8085745,-6.1612444],[106.8082423,-6.161222],[106.8061273,-6.1615499],[106.804181,-6.161741],[106.8029089,-6.1612276],[106.8023376,-6.160791],[106.8019152,-6.1604198],[106.801692,-6.160155],[106.8016717,-6.1597265],[106.8010185,-6.1597489],[106.8007284,-6.1601488],[106.8004594,-6.1603766],[106.8002093,-6.1605209],[106.7998077,-6.160707],[106.7994485,-6.1608594],[106.7991962,-6.1609755],[106.7988674,-6.1611488],[106.7984715,-6.1613085],[106.7978314,-6.1601014],[106.7974951,-6.1593129],[106.7969362,-6.1583109],[106.7953724,-6.1544284],[106.7950673,-6.1537456],[106.7949825,-6.1534787],[106.7864677,-6.1380353],[106.7855057,-6.1366349],[106.7857214,-6.1363425],[106.7825802,-6.1321755],[106.7772674,-6.1267158],[106.7756494,-6.1248855],[106.77502,-6.1238273],[106.773532,-6.1212474],[106.7737373,-6.1206631],[106.7744025,-6.1200465],[106.7746438,-6.1181907],[106.7740166,-6.1170535],[106.7728057,-6.1160817],[106.7710373,-6.1155727],[106.7696124,-6.1152782],[106.7694269,-6.114779],[106.7698831,-6.1137545],[106.7705091,-6.1125567],[106.7694661,-6.1110752],[106.7689145,-6.1098246],[106.7680556,-6.1089146],[106.7674732,-6.1079979],[106.76781,-6.1069339],[106.7679351,-6.1061461],[106.7675505,-6.1037396],[106.7670327,-6.1015106],[106.7666753,-6.0977119],[106.7700496,-6.1025757],[106.7729994,-6.0973552],[106.7758099,-6.096806],[106.7728183,-6.1029604],[106.7774257,-6.1029463],[106.7769483,-6.1054858],[106.784268,-6.1080199],[106.7883052,-6.1061811],[106.7894502,-6.092058],[106.8038238,-6.0910601],[106.8071819,-6.1135576],[106.8082179,-6.1201363],[106.8092257,-6.1243631],[106.809586,-6.1267919],[106.8097094,-6.1275275],[106.8102743,-6.129912],[106.8112364,-6.1343293],[106.8119227,-6.1366694]]]}},{"type":"Feature","properties":{"id":11,"nama_kp":"CEMPAKA PUTIH","aj":"GAMBIR","nama_area":"CEMPAKA PUTIH","kd_kp":null,"kd_area":"130"},"geometry":{"type":"Polygon","coordinates":[[[106.8814431,-6.1624372],[106.8801485,-6.1644635],[106.8792066,-6.1659595],[106.8791033,-6.1660932],[106.8804989,-6.1667601],[106.8823812,-6.1677758],[106.8839492,-6.1687572],[106.8913412,-6.1733541],[106.8920867,-6.1741293],[106.8934655,-6.1754469],[106.8955078,-6.1772295],[106.8963781,-6.1779485],[106.8965806,-6.1780517],[106.8981178,-6.1781066],[106.8988369,-6.1782354],[106.8992289,-6.1783514],[106.9011019,-6.1785008],[106.9019288,-6.178776],[106.9043795,-6.1797179],[106.9068647,-6.1806468],[106.9074247,-6.1809179],[106.9096732,-6.1821788],[106.9102203,-6.1824326],[106.9097599,-6.1828725],[106.9090197,-6.1834548],[106.9082152,-6.1842354],[106.907617,-6.1847746],[106.9067048,-6.1855509],[106.9060852,-6.1862064],[106.9059433,-6.1863875],[106.9058229,-6.186616],[106.9057842,-6.1867453],[106.905793,-6.1868488],[106.9058664,-6.1871719],[106.9061901,-6.1881456],[106.9064059,-6.1888392],[106.9064664,-6.1891667],[106.906458,-6.1893477],[106.9061059,-6.1906881],[106.9059471,-6.1913476],[106.9058271,-6.1920975],[106.9055429,-6.192171],[106.9050737,-6.192292],[106.9043722,-6.1926847],[106.9031541,-6.1933578],[106.9030034,-6.1934226],[106.9028571,-6.1934658],[106.9026848,-6.1934918],[106.9023361,-6.1935308],[106.9015223,-6.1935401],[106.9004158,-6.1935452],[106.89797,-6.1935514],[106.8960711,-6.1935399],[106.8937286,-6.1935287],[106.8890093,-6.1934891],[106.8862621,-6.1934738],[106.8859219,-6.1934568],[106.8838377,-6.1933075],[106.8825975,-6.1931791],[106.8809827,-6.1930036],[106.878864,-6.1928112],[106.8762975,-6.1925588],[106.8751046,-6.1923614],[106.8735414,-6.1921298],[106.872805,-6.1920054],[106.872482,-6.1919711],[106.871539,-6.1919976],[106.8692139,-6.1921889],[106.867285,-6.1923712],[106.8652829,-6.192588],[106.8644864,-6.1927609],[106.8637244,-6.1929856],[106.8633413,-6.1931237],[106.8619681,-6.1937797],[106.8604143,-6.1947762],[106.8594761,-6.1954189],[106.8583829,-6.1961652],[106.8581113,-6.1957474],[106.857482,-6.1948687],[106.8568183,-6.1940159],[106.85584,-6.1927022],[106.8553316,-6.1920432],[106.8542843,-6.1906735],[106.8531854,-6.1892005],[106.8516726,-6.1871674],[106.8503668,-6.1854359],[106.8485094,-6.182955],[106.8478716,-6.1821366],[106.8466519,-6.1804912],[106.8464579,-6.1800518],[106.8461126,-6.1788239],[106.8456766,-6.1771737],[106.8454092,-6.1764456],[106.8452497,-6.1761311],[106.8448833,-6.1754332],[106.8446849,-6.1749809],[106.8442881,-6.1739339],[106.8436799,-6.1722063],[106.8434295,-6.1712412],[106.843287,-6.1705302],[106.8432176,-6.1698537],[106.8431353,-6.1690263],[106.8431132,-6.1681386],[106.8430913,-6.1676043],[106.8430221,-6.1671131],[106.8428452,-6.1664668],[106.8426034,-6.1655189],[106.842366,-6.1645753],[106.8419559,-6.162938],[106.8417057,-6.1621538],[106.8413304,-6.1610509],[106.8408515,-6.1595688],[106.8405366,-6.1586511],[106.8404244,-6.1581685],[106.8419526,-6.1577969],[106.843722,-6.157339],[106.8457452,-6.1567688],[106.8472244,-6.156525],[106.851392,-6.1558379],[106.854782,-6.1556123],[106.8548494,-6.1552855],[106.8547955,-6.1548961],[106.8566342,-6.1554186],[106.8561114,-6.1562785],[106.8560177,-6.1565606],[106.8569708,-6.1571777],[106.8582848,-6.1556324],[106.8588615,-6.1552828],[106.8602292,-6.153818],[106.862283,-6.1549448],[106.8658671,-6.1569702],[106.8709278,-6.1597065],[106.8737335,-6.1614101],[106.8753578,-6.1624297],[106.876687,-6.1634225],[106.8769823,-6.1635969],[106.8787264,-6.1632196],[106.8799071,-6.1628965],[106.8814431,-6.1624372]]]}},{"type":"Feature","properties":{"id":31,"nama_kp":"CONDET","aj":"KRAMATJATI","nama_area":"KRAMATJATI","kd_kp":null,"kd_area":null},"geometry":{"type":"Polygon","coordinates":[[[106.862664,-6.2431824],[106.8649949,-6.2433881],[106.8671672,-6.2441184],[106.8683198,-6.2444725],[106.8699674,-6.2450157],[106.8712902,-6.2456014],[106.8733737,-6.2460878],[106.8760313,-6.2465378],[106.8778066,-6.2469717],[106.8792918,-6.247525],[106.8808432,-6.2477456],[106.8830593,-6.2476775],[106.885962,-6.2470988],[106.8882878,-6.2456335],[106.8902813,-6.244257],[106.8920096,-6.2438122],[106.8933836,-6.2438777],[106.8946692,-6.2442538],[106.8964206,-6.2451839],[106.8976402,-6.2461144],[106.8996589,-6.248774],[106.9015228,-6.2518551],[106.90453,-6.2545245],[106.9044527,-6.2549216],[106.9044623,-6.2549249],[106.9044187,-6.2550239],[106.9042922,-6.2551582],[106.9041954,-6.25527],[106.9041359,-6.2554117],[106.9041286,-6.2556055],[106.9041065,-6.2558664],[106.9039799,-6.2559783],[106.9038684,-6.2561498],[106.9038014,-6.2562691],[106.9038239,-6.256433],[106.9040251,-6.2565969],[106.9040476,-6.2568055],[106.9042042,-6.2569545],[106.9044127,-6.256932],[106.904487,-6.2567456],[106.9046358,-6.2565069],[106.9048739,-6.256231],[106.905142,-6.2560668],[106.9053729,-6.2560741],[106.905656,-6.2562229],[106.9059094,-6.2564016],[106.9060138,-6.2565953],[106.9062151,-6.2568039],[106.9065058,-6.2570943],[106.9063644,-6.2572584],[106.9061485,-6.2573778],[106.905955,-6.2576388],[106.9058732,-6.2576985],[106.9057464,-6.257557],[106.9056198,-6.2575198],[106.9056124,-6.2576018],[106.9056423,-6.2577807],[106.9056275,-6.2579149],[106.9054711,-6.257915],[106.905322,-6.2577139],[106.9052474,-6.257617],[106.9051208,-6.2576618],[106.9050167,-6.2578259],[106.905069,-6.2579898],[106.9052258,-6.2585114],[106.9054197,-6.2589138],[106.9054719,-6.2590032],[106.9055613,-6.2588987],[106.9056133,-6.2587198],[106.9057473,-6.2586303],[106.9059335,-6.2586227],[106.906075,-6.2586971],[106.9062241,-6.2588684],[106.9062913,-6.2590622],[106.9061352,-6.2594126],[106.9059194,-6.2596438],[106.9054056,-6.2599125],[106.9052866,-6.2601437],[106.905257,-6.2603524],[106.9053912,-6.2605461],[106.9052796,-6.2607027],[106.9050339,-6.260837],[106.9048478,-6.2609713],[106.9046841,-6.261195],[106.9046171,-6.261292],[106.9046247,-6.2614261],[106.9045354,-6.2615529],[106.9042899,-6.2619034],[106.9042379,-6.2620749],[106.9043274,-6.2622015],[106.904454,-6.2622312],[106.9046106,-6.2624473],[106.9048491,-6.2626409],[106.9053111,-6.262879],[106.9054827,-6.2633335],[106.9056318,-6.2634899],[106.9055276,-6.2635273],[106.9053861,-6.2635274],[106.9051624,-6.263304],[106.9049463,-6.2631998],[106.9048644,-6.2632073],[106.9048719,-6.2632967],[106.9051256,-6.2638555],[106.9051331,-6.2639673],[106.9050737,-6.2641313],[106.9050663,-6.2642432],[106.9051707,-6.2643698],[106.9051708,-6.2645114],[106.9050293,-6.2645264],[106.9048059,-6.264534],[106.9046942,-6.2645714],[106.9046719,-6.2647354],[106.9046795,-6.264877],[106.9046871,-6.2651229],[106.9048512,-6.2653539],[106.9048513,-6.2655178],[106.9047397,-6.2656446],[106.9046206,-6.2657565],[106.9044569,-6.2659951],[106.9044645,-6.2661815],[106.9045094,-6.2664274],[106.9046733,-6.2665093],[106.9049043,-6.2665687],[106.9049714,-6.2667401],[106.9047784,-6.2676123],[106.9048753,-6.2677091],[106.9050244,-6.267791],[106.9051957,-6.2678206],[106.9052254,-6.267679],[106.9053444,-6.2674628],[106.9055455,-6.2673955],[106.9057094,-6.2674699],[106.9056946,-6.2676414],[106.9055682,-6.2678651],[106.9053674,-6.2683571],[106.9053825,-6.2685137],[106.9055763,-6.2687073],[106.9056211,-6.2688563],[106.9054945,-6.2689831],[106.9052861,-6.2690727],[106.9050999,-6.2691698],[106.904884,-6.2692519],[106.9047797,-6.2693191],[106.9047724,-6.2694383],[106.9047352,-6.2695651],[106.9046236,-6.2696173],[106.9044151,-6.2696846],[106.9043109,-6.2698561],[106.9042142,-6.2700425],[106.9042144,-6.2702363],[106.9042815,-6.2703778],[106.9044603,-6.2703628],[106.9045496,-6.2702658],[106.9046239,-6.2701167],[106.9047431,-6.2700421],[106.9048995,-6.2700494],[106.9049815,-6.2701835],[106.9051008,-6.2702878],[106.9052721,-6.2702727],[106.9054061,-6.270131],[106.9055401,-6.2701309],[106.9055253,-6.2702651],[106.9055106,-6.2704365],[106.905548,-6.2706154],[106.9055035,-6.2708763],[106.9055558,-6.2710775],[106.905608,-6.2712116],[106.9057124,-6.2713233],[106.9058838,-6.2714201],[106.906003,-6.2715318],[106.9060255,-6.2716734],[106.9061,-6.2717031],[106.9063605,-6.2714942],[106.906584,-6.2715239],[106.9065917,-6.2718518],[106.9066663,-6.2720008],[106.9068675,-6.2720901],[106.9070836,-6.2722166],[106.9073144,-6.2721419],[106.9075527,-6.272015],[106.9077463,-6.2719851],[106.9080443,-6.2719848],[106.9082529,-6.2720219],[106.9083498,-6.2721635],[106.9083202,-6.2723871],[106.908365,-6.2725659],[106.908447,-6.2726777],[106.9085812,-6.2727297],[106.9087525,-6.2727743],[106.9089387,-6.2727444],[106.9092068,-6.2726324],[106.9093407,-6.2724981],[106.9095045,-6.2723042],[106.9096087,-6.2722817],[106.9097056,-6.2722966],[106.9098696,-6.2725051],[106.9099517,-6.2726839],[106.9099369,-6.272833],[106.9098028,-6.272848],[106.9096167,-6.2729674],[106.9095424,-6.2731464],[106.9096543,-6.2733773],[106.9096171,-6.2734668],[106.909349,-6.2735117],[106.9091852,-6.2735939],[106.9091704,-6.2737653],[106.9090738,-6.2740859],[106.9090964,-6.2743392],[106.9091338,-6.274533],[106.909201,-6.2747491],[106.9093278,-6.2750024],[106.9092015,-6.2753677],[106.9091051,-6.2759566],[106.9089644,-6.2770598],[106.9086742,-6.2773656],[106.908615,-6.2779619],[106.9085187,-6.2786403],[106.9084518,-6.2787447],[106.9084892,-6.2789384],[106.908631,-6.2793855],[106.9086834,-6.2796687],[106.9085718,-6.2798924],[106.9085347,-6.2800713],[106.9086018,-6.2801532],[106.9088776,-6.2803095],[106.9089821,-6.2805852],[106.9088334,-6.2809207],[106.9087218,-6.2811146],[106.9087221,-6.2815469],[106.9086403,-6.281696],[106.9083946,-6.281808],[106.9083574,-6.2819198],[106.9083128,-6.2820391],[106.9082011,-6.2820988],[106.9080671,-6.2821288],[106.9079256,-6.2822332],[106.9078215,-6.2824569],[106.9078886,-6.2825016],[106.9081196,-6.2825834],[106.9084176,-6.2827322],[106.9084848,-6.2828588],[106.90847,-6.2830676],[106.908515,-6.2833507],[106.9085747,-6.2834998],[106.9085897,-6.2837159],[106.9086646,-6.2842152],[106.9086796,-6.2843121],[106.9074691,-6.2842532],[106.9075923,-6.2846334],[106.9022761,-6.2850913],[106.9002354,-6.2853252],[106.8997467,-6.2854723],[106.8986111,-6.2868183],[106.8976711,-6.288152],[106.8968407,-6.2890698],[106.8958879,-6.2895841],[106.8954235,-6.2896333],[106.8899244,-6.2902734],[106.8856597,-6.2910347],[106.8846942,-6.291011],[106.8837651,-6.2906448],[106.8825428,-6.2904011],[106.8805139,-6.2901091],[106.880713,-6.2925369],[106.881491,-6.2965004],[106.883823,-6.3055471],[106.8723763,-6.308293],[106.8715564,-6.3084932],[106.8708915,-6.3085602],[106.8699163,-6.3085831],[106.8690075,-6.3084285],[106.8665908,-6.3072549],[106.8646841,-6.3063248],[106.86365,-6.3058212],[106.8626445,-6.30555],[106.8601399,-6.3054187],[106.8582783,-6.3055974],[106.8582559,-6.3052648],[106.8579454,-6.3049324],[106.8570364,-6.3045338],[106.8564378,-6.3043125],[106.8555066,-6.3038696],[106.8547971,-6.303493],[106.8543535,-6.3029833],[106.8542201,-6.3023625],[106.854663,-6.3018299],[106.8548841,-6.3010314],[106.8547278,-6.2993905],[106.8542402,-6.2993243],[106.8532209,-6.299702],[106.8524231,-6.2997469],[106.8520687,-6.3001685],[106.8518033,-6.3009226],[106.8515153,-6.3010781],[106.8511384,-6.3009009],[106.8498522,-6.2998595],[106.8494529,-6.2992832],[106.8494968,-6.2987509],[106.8498957,-6.2985954],[106.8508489,-6.2988609],[106.8514697,-6.2992818],[106.8518021,-6.2991042],[106.851979,-6.2985496],[106.8519564,-6.2979509],[106.8513355,-6.2973747],[106.8502047,-6.2966658],[106.8500936,-6.2962889],[106.8504922,-6.2957564],[106.8514451,-6.2955562],[106.8528194,-6.2957992],[106.8539942,-6.2961089],[106.8541492,-6.2957983],[106.854126,-6.2942903],[106.8539484,-6.2938913],[106.8535715,-6.2936476],[106.8530619,-6.2938919],[106.852198,-6.2945799],[106.8521534,-6.2942251],[106.852286,-6.2936485],[106.8526847,-6.2932268],[106.8533934,-6.2924502],[106.8538362,-6.2917624],[106.8542567,-6.290986],[106.8541898,-6.2903651],[106.8537021,-6.2902323],[106.8529932,-6.290632],[106.8521955,-6.2908987],[106.8514864,-6.2910987],[106.8513766,-6.2925624],[106.8511551,-6.2928065],[106.8508227,-6.2929176],[106.8502464,-6.2927628],[106.8498915,-6.2923638],[106.8491146,-6.2905459],[106.8493581,-6.2901466],[106.8502667,-6.2899464],[106.8507317,-6.2893695],[106.8511965,-6.2885043],[106.8506421,-6.2879946],[106.8501766,-6.2878175],[106.8499108,-6.2881281],[106.8496229,-6.2883723],[106.8492684,-6.2885056],[106.8487807,-6.2883285],[106.8480046,-6.2878411],[106.847361,-6.286511],[106.847161,-6.2856462],[106.8473378,-6.2848921],[106.8480466,-6.2842485],[106.8486002,-6.2835607],[106.8484227,-6.2832947],[106.8479795,-6.2834059],[106.8475362,-6.2833174],[106.8473808,-6.282874],[106.8481845,-6.2816933],[106.8485135,-6.2813289],[106.8488532,-6.2809527],[106.8491285,-6.2806478],[106.8497504,-6.2801448],[106.8503484,-6.2796565],[106.8498829,-6.2794572],[106.8493732,-6.2794797],[106.8487083,-6.2795689],[106.8481323,-6.279791],[106.8475118,-6.2799467],[106.8467137,-6.2795258],[106.8464918,-6.2791712],[106.8465138,-6.278905],[106.8476435,-6.2780838],[106.8484409,-6.2773736],[106.849083,-6.2764639],[106.849615,-6.2765745],[106.8504794,-6.2766848],[106.8514099,-6.2762406],[106.8518305,-6.2753754],[106.8516971,-6.2747768],[106.8512313,-6.2741783],[106.8511423,-6.2736683],[106.8513637,-6.2733355],[106.8517625,-6.2732244],[106.8526734,-6.273291],[106.8528844,-6.2730575],[106.8533356,-6.272558],[106.8533795,-6.2719149],[106.8540443,-6.2718479],[106.8548647,-6.2724239],[106.8556627,-6.272623],[106.8565049,-6.2726002],[106.8565933,-6.2722454],[106.8563269,-6.2716468],[106.8558613,-6.2714253],[106.8551518,-6.2708936],[106.8547304,-6.2704947],[106.8546414,-6.2699403],[106.8547963,-6.2696076],[106.8552175,-6.2697625],[106.8558608,-6.2705604],[106.8562595,-6.2703384],[106.8563082,-6.269761],[106.8559428,-6.2690053],[106.8556598,-6.2682764],[106.8554153,-6.2673452],[106.855304,-6.2666134],[106.8551708,-6.2662365],[106.8543947,-6.2656161],[106.8538847,-6.2651729],[106.8539288,-6.2648403],[106.8542167,-6.2645518],[106.8562111,-6.2643287],[106.8568094,-6.2641952],[106.8570085,-6.2637072],[106.8561219,-6.2634638],[106.8545258,-6.2628218],[106.8541488,-6.2624229],[106.8545695,-6.2618682],[106.8552121,-6.2617569],[106.8560326,-6.2625325],[106.8568528,-6.2627537],[106.8577235,-6.2628673],[106.8585593,-6.2629078],[106.8592683,-6.2625746],[106.8593786,-6.2618871],[106.859666,-6.2607781],[106.859767,-6.2595989],[106.8599751,-6.2590703],[106.8604175,-6.2579612],[106.860284,-6.2570742],[106.8594418,-6.2570526],[106.8591757,-6.256831],[106.8593749,-6.2564095],[106.8600395,-6.2560321],[106.8604385,-6.2554954],[106.8605705,-6.2547677],[106.8599719,-6.2544133],[106.8592184,-6.2543916],[106.8583987,-6.2549022],[106.8578671,-6.255213],[106.8575568,-6.2551911],[106.8574678,-6.2547254],[106.8574231,-6.2541045],[106.8575555,-6.2533283],[106.8578614,-6.2526469],[106.858153,-6.2519973],[106.8591719,-6.2511982],[106.8599917,-6.2509759],[106.8604351,-6.2512861],[106.8606576,-6.2524613],[106.8609245,-6.2538804],[106.8615008,-6.2540352],[106.8623427,-6.2536798],[106.8627189,-6.2530143],[106.862519,-6.2523269],[106.8620085,-6.2510854],[106.8620745,-6.2504644],[106.8637804,-6.2496427],[106.8639574,-6.2492212],[106.8635582,-6.2488223],[106.8626266,-6.2476033],[106.8620008,-6.2464384],[106.8619381,-6.2454083],[106.8623687,-6.2446325],[106.8625105,-6.2439362],[106.862664,-6.2431824]]]}},{"type":"Feature","properties":{"id":23,"nama_kp":"RAWAMANGUN","aj":"KRAMATJATI","nama_area":"CEMPAKA PUTIH","kd_kp":"130","kd_area":"130"},"geometry":{"type":"Polygon","coordinates":[[[106.9059471,-6.1913476],[106.905413,-6.194215],[106.904808,-6.199493],[106.901532,-6.210058],[106.8996381,-6.219244],[106.8868409,-6.2169803],[106.8773304,-6.2150839],[106.865073,-6.2134007],[106.8452796,-6.2130687],[106.849671,-6.2025101],[106.855588,-6.198021],[106.8583829,-6.1961652],[106.8604143,-6.1947762],[106.8619681,-6.1937797],[106.8652829,-6.192588],[106.86999,-6.1924315],[106.8735414,-6.1921298],[106.8774172,-6.1921743],[106.8859219,-6.1934568],[106.8913915,-6.1930461],[106.8956717,-6.1930429],[106.9059471,-6.1913476]]]}},{"type":"Feature","properties":{"id":32,"nama_kp":"PASAR MINGGU","aj":"KRAMATJATI","nama_area":"LENTENG AGUNG","kd_kp":null,"kd_area":null},"geometry":{"type":"Polygon","coordinates":[[[106.8259347,-6.240292],[106.8273044,-6.2368501],[106.8323854,-6.2400391],[106.8346618,-6.2407269],[106.83711,-6.2414777],[106.8440898,-6.2432996],[106.8482235,-6.2435655],[106.853967,-6.2429708],[106.859926,-6.2434502],[106.8638981,-6.242964],[106.8639829,-6.2432988],[106.862664,-6.2431824],[106.8625105,-6.2439362],[106.8623687,-6.2446325],[106.8619381,-6.2454083],[106.8620008,-6.2464384],[106.8626266,-6.2476033],[106.8635582,-6.2488223],[106.8639574,-6.2492212],[106.8637804,-6.2496427],[106.8620745,-6.2504644],[106.8620085,-6.2510854],[106.862519,-6.2523269],[106.8627189,-6.2530143],[106.8623427,-6.2536798],[106.8615008,-6.2540352],[106.8609245,-6.2538804],[106.8606576,-6.2524613],[106.8604351,-6.2512861],[106.8599917,-6.2509759],[106.8591719,-6.2511982],[106.858153,-6.2519973],[106.8578614,-6.2526469],[106.8575555,-6.2533283],[106.8574231,-6.2541045],[106.8574678,-6.2547254],[106.8575568,-6.2551911],[106.8578671,-6.255213],[106.8583987,-6.2549022],[106.8592184,-6.2543916],[106.8599719,-6.2544133],[106.8605705,-6.2547677],[106.8604385,-6.2554954],[106.8600395,-6.2560321],[106.8593749,-6.2564095],[106.8591757,-6.256831],[106.8594418,-6.2570526],[106.860284,-6.2570742],[106.8604175,-6.2579612],[106.8599751,-6.2590703],[106.859767,-6.2595989],[106.859666,-6.2607781],[106.8593786,-6.2618871],[106.8592683,-6.2625746],[106.8585593,-6.2629078],[106.8577235,-6.2628673],[106.8568528,-6.2627537],[106.8560326,-6.2625325],[106.8552121,-6.2617569],[106.8545695,-6.2618682],[106.8541488,-6.2624229],[106.8545258,-6.2628218],[106.8561219,-6.2634638],[106.8570085,-6.2637072],[106.8568094,-6.2641952],[106.8562111,-6.2643287],[106.8542167,-6.2645518],[106.8539288,-6.2648403],[106.8538847,-6.2651729],[106.8543947,-6.2656161],[106.8551708,-6.2662365],[106.855304,-6.2666134],[106.8554153,-6.2673452],[106.8556598,-6.2682764],[106.8559428,-6.2690053],[106.8563082,-6.269761],[106.8562595,-6.2703384],[106.8558608,-6.2705604],[106.8552175,-6.2697625],[106.8547963,-6.2696076],[106.8546414,-6.2699403],[106.8547304,-6.2704947],[106.8551518,-6.2708936],[106.8558613,-6.2714253],[106.8563269,-6.2716468],[106.8565933,-6.2722454],[106.8565049,-6.2726002],[106.8556627,-6.272623],[106.8548647,-6.2724239],[106.8540443,-6.2718479],[106.8533795,-6.2719149],[106.8533356,-6.272558],[106.8528844,-6.2730575],[106.8526734,-6.273291],[106.8517625,-6.2732244],[106.8513637,-6.2733355],[106.8511423,-6.2736683],[106.8512313,-6.2741783],[106.8516971,-6.2747768],[106.8518305,-6.2753754],[106.8514099,-6.2762406],[106.8504794,-6.2766848],[106.849615,-6.2765745],[106.849083,-6.2764639],[106.8484409,-6.2773736],[106.8476435,-6.2780838],[106.8465138,-6.278905],[106.8464918,-6.2791712],[106.8467137,-6.2795258],[106.8475118,-6.2799467],[106.8481323,-6.279791],[106.8487083,-6.2795689],[106.8493732,-6.2794797],[106.8498829,-6.2794572],[106.8503484,-6.2796565],[106.8497504,-6.2801448],[106.8491285,-6.2806478],[106.8488532,-6.2809527],[106.8485135,-6.2813289],[106.8481845,-6.2816933],[106.8473808,-6.282874],[106.8475362,-6.2833174],[106.8479795,-6.2834059],[106.8484227,-6.2832947],[106.8486002,-6.2835607],[106.8480466,-6.2842485],[106.8473378,-6.2848921],[106.847161,-6.2856462],[106.847361,-6.286511],[106.8480046,-6.2878411],[106.8487807,-6.2883285],[106.8492684,-6.2885056],[106.8496229,-6.2883723],[106.8499108,-6.2881281],[106.8501766,-6.2878175],[106.8506421,-6.2879946],[106.8511965,-6.2885043],[106.8507317,-6.2893695],[106.8502667,-6.2899464],[106.8493581,-6.2901466],[106.8491146,-6.2905459],[106.8498915,-6.2923638],[106.8502464,-6.2927628],[106.8508227,-6.2929176],[106.8511551,-6.2928065],[106.8513766,-6.2925624],[106.8514864,-6.2910987],[106.8521955,-6.2908987],[106.8529932,-6.290632],[106.8537021,-6.2902323],[106.8541898,-6.2903651],[106.8542567,-6.290986],[106.8538362,-6.2917624],[106.8533934,-6.2924502],[106.8526847,-6.2932268],[106.852286,-6.2936485],[106.8521534,-6.2942251],[106.852198,-6.2945799],[106.8530619,-6.2938919],[106.8535715,-6.2936476],[106.8539484,-6.2938913],[106.854126,-6.2942903],[106.8541492,-6.2957983],[106.8539942,-6.2961089],[106.8528194,-6.2957992],[106.8514451,-6.2955562],[106.8504922,-6.2957564],[106.8500936,-6.2962889],[106.8502047,-6.2966658],[106.8513355,-6.2973747],[106.8519564,-6.2979509],[106.851979,-6.2985496],[106.8518021,-6.2991042],[106.8514697,-6.2992818],[106.8508489,-6.2988609],[106.8498957,-6.2985954],[106.8494968,-6.2987509],[106.8494529,-6.2992832],[106.8498522,-6.2998595],[106.8511384,-6.3009009],[106.8515153,-6.3010781],[106.8518033,-6.3009226],[106.8520687,-6.3001685],[106.8524231,-6.2997469],[106.8532209,-6.299702],[106.8542402,-6.2993243],[106.8547278,-6.2993905],[106.8548841,-6.3010314],[106.854663,-6.3018299],[106.8542201,-6.3023625],[106.8543535,-6.3029833],[106.8547971,-6.303493],[106.8555066,-6.3038696],[106.8564378,-6.3043125],[106.8570364,-6.3045338],[106.8579454,-6.3049324],[106.8582559,-6.3052648],[106.8582714,-6.3054951],[106.8582783,-6.3055974],[106.8579812,-6.3055635],[106.8574594,-6.3055531],[106.8574287,-6.3055514],[106.8565306,-6.3055423],[106.8558752,-6.3054165],[106.8549963,-6.3051791],[106.8539135,-6.3048204],[106.8534086,-6.3046556],[106.8531318,-6.3045878],[106.8522676,-6.3044329],[106.8509957,-6.3043561],[106.850049,-6.3043179],[106.8491655,-6.304265],[106.8480877,-6.3041832],[106.8464565,-6.3040288],[106.8454128,-6.3039226],[106.8434514,-6.3036277],[106.8410579,-6.3032746],[106.8394137,-6.3029861],[106.8374327,-6.3022685],[106.8362477,-6.3015699],[106.8341108,-6.3001141],[106.832382,-6.2990077],[106.8294294,-6.2972804],[106.8272344,-6.296116],[106.8224121,-6.2940884],[106.8224126,-6.2940867],[106.8239227,-6.2902288],[106.8269987,-6.2830181],[106.8301397,-6.2769525],[106.830169,-6.2739056],[106.8309199,-6.2689405],[106.8306673,-6.2669927],[106.8305391,-6.2630348],[106.8294699,-6.2621243],[106.8285877,-6.2596425],[106.8269802,-6.2532353],[106.8262231,-6.2481777],[106.825875,-6.2445022],[106.8259347,-6.240292]]]}},{"type":"Feature","properties":{"id":14,"nama_kp":"MENTENG","aj":"GAMBIR","nama_area":"MENTENG","kd_kp":null,"kd_area":null},"geometry":{"type":"Polygon","coordinates":[[[106.8400777,-6.1582604],[106.8404244,-6.1581685],[106.8405366,-6.1586511],[106.8408515,-6.1595688],[106.8413304,-6.1610509],[106.8417057,-6.1621538],[106.8419559,-6.162938],[106.842366,-6.1645753],[106.8426034,-6.1655189],[106.8430913,-6.1676043],[106.8431353,-6.1690263],[106.8432176,-6.1698537],[106.843287,-6.1705302],[106.8434295,-6.1712412],[106.8436799,-6.1722063],[106.8442881,-6.1739339],[106.8448833,-6.1754332],[106.8454092,-6.1764456],[106.8456766,-6.1771737],[106.8461126,-6.1788239],[106.8466519,-6.1804912],[106.8478716,-6.1821366],[106.8516726,-6.1871674],[106.8566694,-6.193904],[106.8583829,-6.1961652],[106.855588,-6.198021],[106.8540672,-6.1993154],[106.8515671,-6.2013198],[106.849671,-6.2025101],[106.8494628,-6.2028023],[106.8489231,-6.2063073],[106.8484447,-6.2078931],[106.8479657,-6.2085401],[106.8476951,-6.2092495],[106.8472997,-6.2101051],[106.8463625,-6.2115034],[106.8452796,-6.2130687],[106.844259,-6.2144671],[106.8440925,-6.2148844],[106.8431126,-6.2145513],[106.8426126,-6.2150523],[106.8416755,-6.2165132],[106.8412383,-6.2173062],[106.8411344,-6.2178278],[106.8411555,-6.2183701],[106.8409472,-6.2185372],[106.8409269,-6.2192882],[106.8406767,-6.2193718],[106.8406155,-6.2214162],[106.838927,-6.221459],[106.8385727,-6.2216053],[106.8385732,-6.222252],[106.8382814,-6.2224399],[106.8372186,-6.2229413],[106.8370521,-6.2233169],[106.8356886,-6.2231842],[106.8355968,-6.223604],[106.8355151,-6.2238498],[106.8353312,-6.2242287],[106.8353826,-6.224628],[106.8354443,-6.2251706],[106.8354035,-6.2253037],[106.8351375,-6.2253243],[106.8350864,-6.2254984],[106.8351788,-6.2259591],[106.8352917,-6.2264709],[106.835476,-6.2267165],[106.8355069,-6.2270748],[106.8356915,-6.2278016],[106.8358962,-6.2279551],[106.8360192,-6.2282621],[106.8361013,-6.2286818],[106.836347,-6.2289683],[106.8365109,-6.2293266],[106.8368081,-6.2299714],[106.8367674,-6.2304117],[106.8366757,-6.2309646],[106.8366964,-6.2314253],[106.8366865,-6.2319065],[106.8366051,-6.232613],[106.8365747,-6.2330737],[106.8364318,-6.2335345],[106.8365036,-6.2337802],[106.836473,-6.2340567],[106.8364324,-6.234456],[106.8363918,-6.2350089],[106.8363819,-6.2355924],[106.8363413,-6.236002],[106.8361573,-6.2362785],[106.8360961,-6.2366574],[106.8359632,-6.2368111],[106.8359225,-6.2370261],[106.8358667,-6.2373271],[106.8358167,-6.2374714],[106.8357639,-6.2376157],[106.8356904,-6.2377336],[106.8356198,-6.2377866],[106.8352874,-6.237884],[106.8352168,-6.2379547],[106.8351054,-6.2381492],[106.8350445,-6.2384987],[106.8349139,-6.2390056],[106.8348529,-6.2392153],[106.8348881,-6.2395735],[106.8348358,-6.239757],[106.8347573,-6.239958],[106.8347401,-6.2403162],[106.8346618,-6.2407269],[106.8323854,-6.2400391],[106.8273044,-6.2368501],[106.8233064,-6.2341607],[106.8224553,-6.2336022],[106.8220081,-6.2331983],[106.8214835,-6.232674],[106.820804,-6.231737],[106.8195826,-6.2299919],[106.8183526,-6.2281779],[106.8172171,-6.2264758],[106.8157807,-6.224404],[106.8147914,-6.2228565],[106.8133809,-6.2209137],[106.812397,-6.219427],[106.8155356,-6.2169219],[106.818353,-6.2147099],[106.8182152,-6.2141682],[106.8178964,-6.2127665],[106.8177926,-6.2117087],[106.8178094,-6.2109433],[106.8178261,-6.2101263],[106.8177741,-6.2094469],[106.8175328,-6.2082602],[106.8174122,-6.2077958],[106.8171713,-6.2073144],[106.8168268,-6.2060761],[106.8164133,-6.2043907],[106.8158361,-6.2021034],[106.8155003,-6.2009511],[106.8144934,-6.1985305],[106.8143558,-6.1982081],[106.8143384,-6.1979458],[106.8143083,-6.1977695],[106.8143636,-6.196918],[106.8144229,-6.1955505],[106.8144651,-6.1942691],[106.8145421,-6.1936971],[106.8146234,-6.1930305],[106.8148247,-6.1919812],[106.8150433,-6.1910694],[106.8151289,-6.1905147],[106.8151846,-6.190162],[106.815266,-6.1897621],[106.8152568,-6.1887903],[106.8152695,-6.1884419],[106.8154283,-6.1881537],[106.8154882,-6.1877667],[106.815621,-6.1870829],[106.8155515,-6.185823],[106.8153021,-6.1855092],[106.8150656,-6.1851869],[106.8145496,-6.1844734],[106.8144893,-6.1842756],[106.8142828,-6.1837425],[106.8139858,-6.1828912],[106.8137491,-6.182242],[106.813577,-6.1818293],[106.8135038,-6.1815886],[106.813465,-6.1814424],[106.8134262,-6.181236],[106.8133617,-6.1810856],[106.8133101,-6.1809653],[106.8128923,-6.1792713],[106.8124831,-6.17756],[106.8121687,-6.1762659],[106.811372,-6.1730799],[106.8110791,-6.1719535],[106.8110403,-6.1716826],[106.8110013,-6.1711537],[106.8109409,-6.1706291],[106.8108112,-6.1693262],[106.810716,-6.1682082],[106.8106166,-6.1672064],[106.8104868,-6.1656885],[106.8105379,-6.1648499],[106.8106017,-6.1637276],[106.810674,-6.1624676],[106.8107719,-6.1608248],[106.81115,-6.1607644],[106.8118374,-6.1606866],[106.8128255,-6.160686],[106.8134227,-6.1606169],[106.8143249,-6.1605046],[106.8151842,-6.1603922],[106.8169971,-6.1601074],[106.819161,-6.1596648],[106.8197204,-6.1595901],[106.8203361,-6.1594931],[106.8207406,-6.1594884],[106.8226791,-6.1602374],[106.8247054,-6.1609671],[106.8266275,-6.1616325],[106.8274652,-6.1596526],[106.8298435,-6.1589302],[106.8315477,-6.1583868],[106.8330506,-6.1579558],[106.8338854,-6.1577385],[106.833909,-6.1588888],[106.836652,-6.1581425],[106.8369136,-6.1593221],[106.8380964,-6.1588732],[106.8389426,-6.1585974],[106.8400777,-6.1582604]]]}},{"type":"Feature","properties":{"id":33,"nama_kp":"CIRACAS","aj":"KRAMATJATI","nama_area":"CIRACAS","kd_kp":null,"kd_area":null},"geometry":{"type":"MultiPolygon","coordinates":[[[[106.8585267,-6.3055736],[106.8601399,-6.3054187],[106.8626445,-6.30555],[106.86365,-6.3058212],[106.8646841,-6.3063248],[106.8665908,-6.3072549],[106.8690075,-6.3084285],[106.8699163,-6.3085831],[106.8708915,-6.3085602],[106.8715564,-6.3084932],[106.8723763,-6.308293],[106.883823,-6.3055471],[106.8833251,-6.3056665],[106.8838936,-6.3060478],[106.883823,-6.3055471],[106.8850203,-6.3056259],[106.8872834,-6.3056454],[106.8894197,-6.3058555],[106.8915561,-6.3062983],[106.8983677,-6.3080495],[106.9015422,-6.3105653],[106.9033834,-6.3120664],[106.9045262,-6.3129966],[106.9054996,-6.3136731],[106.9068535,-6.3139894],[106.9080168,-6.3140943],[106.9099626,-6.314114],[106.9127122,-6.3140906],[106.9130296,-6.314302],[106.9129667,-6.3150216],[106.9137706,-6.3152325],[106.9137708,-6.3155076],[106.9136678,-6.3189571],[106.9136478,-6.3203961],[106.9142612,-6.3205014],[106.9154033,-6.3205005],[106.9158684,-6.3201827],[106.9166298,-6.3202033],[106.9173491,-6.3204143],[106.917857,-6.3207525],[106.9191685,-6.3209842],[106.9205435,-6.3212371],[106.9210513,-6.3215541],[106.9212207,-6.3217867],[106.9212422,-6.3222311],[106.9213906,-6.3225696],[106.9217927,-6.3229501],[106.9216663,-6.3235005],[106.9215188,-6.3241778],[106.9210536,-6.3243686],[106.9206523,-6.3249826],[106.919912,-6.3249832],[106.9192775,-6.325026],[106.9191085,-6.325259],[106.9189608,-6.3256823],[106.9192148,-6.325936],[106.9191305,-6.326317],[106.9189615,-6.3265711],[106.9186867,-6.3268253],[106.9183486,-6.3271218],[106.9185813,-6.3272486],[106.9191524,-6.3272481],[106.91966,-6.32729],[106.9201044,-6.3275859],[106.9201048,-6.327988],[106.9200416,-6.328369],[106.9204226,-6.3286649],[106.9207403,-6.3291937],[106.921101,-6.3306324],[106.920996,-6.3315213],[106.9209118,-6.3321351],[106.9207853,-6.3325584],[106.9205107,-6.3330454],[106.9200034,-6.3334267],[106.9198769,-6.3339347],[106.9198771,-6.3341886],[106.9197293,-6.3345273],[106.9194971,-6.3350777],[106.9197513,-6.3355642],[106.9197729,-6.3361144],[106.9196888,-6.3366647],[106.9196261,-6.3376382],[106.9194783,-6.3380192],[106.9196901,-6.3383365],[106.9196269,-6.3386539],[106.9193943,-6.3386753],[106.9184217,-6.3390993],[106.9181891,-6.33929],[106.9183375,-6.3396707],[106.918528,-6.3398399],[106.9187818,-6.3397762],[106.9190569,-6.3399241],[106.9192898,-6.3402413],[106.9195864,-6.3408971],[106.9197772,-6.3414048],[106.9196294,-6.3416801],[106.9193968,-6.3417861],[106.9189527,-6.3418499],[106.9187201,-6.3419559],[106.9185723,-6.3422946],[106.9185725,-6.3425062],[106.9189322,-6.3427176],[106.9191014,-6.3427386],[106.9193342,-6.3428865],[106.9195885,-6.3434577],[106.9195252,-6.3435847],[106.9192714,-6.3436272],[106.9189329,-6.3435429],[106.9186851,-6.3436385],[106.9187286,-6.3436549],[106.9185829,-6.3436888],[106.9182986,-6.3438396],[106.9179328,-6.3438399],[106.9173864,-6.343967],[106.9170764,-6.345169],[106.9170485,-6.3455366],[106.9171618,-6.3458476],[106.9173315,-6.3460878],[106.9171055,-6.3461869],[106.9166816,-6.3462014],[106.9165121,-6.3463288],[106.9165266,-6.3467388],[106.9168377,-6.3470496],[106.9171915,-6.3476572],[106.9173048,-6.3480106],[106.9170648,-6.3482087],[106.9166974,-6.3482939],[106.9163726,-6.3485345],[106.9163304,-6.3488173],[106.9167122,-6.349128],[106.9171506,-6.3495801],[106.9178295,-6.3502581],[106.9176178,-6.3506542],[106.9172081,-6.3507818],[106.9167703,-6.3510649],[106.9167564,-6.3513901],[106.9168418,-6.3520828],[106.9166443,-6.3525778],[106.916998,-6.3530299],[106.9165322,-6.3537655],[106.9162924,-6.354317],[106.9155297,-6.3548266],[106.9154451,-6.3550529],[106.9158127,-6.355293],[106.9165195,-6.3555328],[106.9169579,-6.3558717],[106.9171137,-6.3563381],[106.9167324,-6.3567343],[106.9161955,-6.3568479],[106.915687,-6.3570462],[106.9145295,-6.3587013],[106.9143317,-6.3588146],[106.9142049,-6.3592388],[106.9142477,-6.3596912],[106.91446,-6.360101],[106.9147145,-6.3603271],[106.9150397,-6.3604682],[106.9152657,-6.3603266],[106.9155201,-6.360383],[106.9153791,-6.3608496],[106.9151814,-6.3610195],[106.9147151,-6.3611047],[106.9146588,-6.3613875],[106.9149277,-6.3618679],[106.9156206,-6.3623481],[106.916073,-6.3626163],[106.9161863,-6.3628707],[106.9157908,-6.3631821],[106.915706,-6.3631822],[106.9153809,-6.3631259],[106.9150559,-6.3631261],[106.9148865,-6.3633242],[106.9149291,-6.3635645],[106.915,-6.3638614],[106.9147035,-6.3642716],[106.9146472,-6.3644555],[106.914478,-6.364908],[106.9143936,-6.3654029],[106.9142102,-6.3658979],[106.9139139,-6.366492],[106.9135185,-6.3667609],[106.913123,-6.367044],[106.9127275,-6.3672422],[106.912558,-6.3674403],[106.9124735,-6.3677373],[106.9124881,-6.3683028],[106.9123044,-6.3683736],[106.9120924,-6.3683031],[106.9120214,-6.3679638],[106.9121907,-6.3675396],[106.9121199,-6.3673134],[106.911908,-6.367455],[106.9111592,-6.3677383],[106.9111593,-6.3677949],[106.9107495,-6.3678235],[106.9106225,-6.3681063],[106.9106369,-6.3684881],[106.9106656,-6.3689829],[106.9104396,-6.3691244],[106.9102277,-6.3692518],[106.9102704,-6.369676],[106.9103131,-6.3700435],[106.9101014,-6.3702982],[106.9098188,-6.3704539],[106.9093385,-6.3705957],[106.908943,-6.3708222],[106.9085051,-6.3710912],[106.9081942,-6.3711056],[106.907855,-6.3710917],[106.9079543,-6.3715299],[106.908096,-6.3719822],[106.9080113,-6.3721944],[106.9078419,-6.3724631],[106.9079834,-6.3725902],[106.9084357,-6.3727171],[106.9085772,-6.3729432],[106.908535,-6.3731977],[106.9082666,-6.3733676],[106.90797,-6.3735658],[106.9079561,-6.373891],[106.9080412,-6.3741878],[106.9084795,-6.3744278],[106.908621,-6.374668],[106.9084517,-6.3751347],[106.9083671,-6.3753186],[106.9085307,-6.3753253],[106.9085299,-6.3753259],[106.9034263,-6.3758194],[106.8998575,-6.3759115],[106.8970918,-6.3760029],[106.8962897,-6.3771639],[106.8955831,-6.386626],[106.8943348,-6.3876088],[106.8907651,-6.3866296],[106.886035,-6.3850265],[106.8745238,-6.382982],[106.8678313,-6.3819157],[106.8638156,-6.381026],[106.8585512,-6.3806726],[106.8532863,-6.3796052],[106.8498054,-6.3778223],[106.8469487,-6.3754142],[106.8419506,-6.3729183],[106.8405226,-6.3722944],[106.8394516,-6.3717595],[106.8382019,-6.3707785],[106.8371305,-6.369708],[106.8369252,-6.3688193],[106.8374638,-6.3688189],[106.8389034,-6.3693232],[106.8407211,-6.3688926],[106.8415034,-6.3682605],[106.8416799,-6.3677805],[106.8414775,-6.3672754],[106.8410734,-6.3669725],[106.8406694,-6.3670486],[106.8396093,-6.367706],[106.8391296,-6.3677316],[106.8388013,-6.3675803],[106.8388512,-6.3667466],[106.8391537,-6.3660138],[106.8395827,-6.3655336],[106.8398094,-6.3648261],[106.8394809,-6.3643464],[106.8391269,-6.3635888],[106.8391516,-6.3627804],[106.8395045,-6.3618455],[106.8393528,-6.361492],[106.8390244,-6.3613659],[106.8385194,-6.3613662],[106.8381409,-6.3616949],[106.8379898,-6.3622507],[106.8383437,-6.3629578],[106.8383694,-6.363564],[106.8382433,-6.3638167],[106.8377636,-6.3638423],[106.8372836,-6.3635395],[106.8369299,-6.363085],[106.8367275,-6.3625547],[106.8365757,-6.3620748],[106.836626,-6.3617716],[106.836979,-6.3609883],[106.8374334,-6.3608112],[106.8385442,-6.3606841],[106.8389228,-6.3604313],[106.8389478,-6.3599513],[106.8387202,-6.3594968],[106.8379877,-6.3591436],[106.8376341,-6.3588659],[106.8374571,-6.3584366],[106.8370273,-6.3576538],[106.8365979,-6.3574015],[106.8363708,-6.3576795],[106.8356644,-6.3585136],[106.8353614,-6.358539],[106.8351339,-6.358135],[106.8350325,-6.3575288],[106.8350823,-6.356392],[106.8353093,-6.3560887],[106.8359153,-6.3560631],[106.8369757,-6.3560119],[106.8376572,-6.3555315],[106.8375812,-6.3552031],[106.8373538,-6.3549759],[106.8357728,-6.3543661],[106.8358582,-6.3529408],[106.8355557,-6.3524659],[106.8353398,-6.3522501],[106.8355553,-6.351818],[106.8371743,-6.3520977],[106.8391816,-6.3519453],[106.8393325,-6.3516644],[106.8392457,-6.3509087],[106.8388135,-6.3502179],[106.8381871,-6.3494625],[106.8381006,-6.349225],[106.8380997,-6.3479077],[106.8377757,-6.3474544],[106.837646,-6.347109],[106.8378183,-6.3466554],[106.8385738,-6.3466765],[106.8391995,-6.3462442],[106.8394365,-6.3456394],[106.8396951,-6.3449698],[106.8397809,-6.3441707],[106.8394136,-6.3435663],[106.838917,-6.3433291],[106.8383989,-6.3433078],[106.8378378,-6.3434377],[106.8373201,-6.3438268],[106.8371476,-6.3442156],[106.8368458,-6.3446909],[106.8363494,-6.344756],[106.8357233,-6.3446052],[106.8354642,-6.3443679],[106.8354208,-6.3440008],[106.8370167,-6.3419698],[106.8376855,-6.3415159],[106.8380523,-6.3412997],[106.838484,-6.3413426],[106.8389378,-6.3421197],[106.8398014,-6.3425511],[106.8404706,-6.342637],[106.840902,-6.342248],[106.8409448,-6.3417513],[106.8408581,-6.3411899],[106.840491,-6.3408446],[106.8400126,-6.3408202],[106.8394664,-6.3408753],[106.8392203,-6.3405202],[106.8393566,-6.3400282],[106.8402572,-6.3389891],[106.8403659,-6.3380872],[106.8403105,-6.3368575],[106.8405013,-6.3362562],[106.8398727,-6.3357101],[106.8396812,-6.3352456],[106.8397628,-6.334617],[106.8398162,-6.3327587],[106.8402255,-6.3321299],[106.8413181,-6.3323478],[106.842629,-6.3320737],[106.8434481,-6.3316086],[106.8430655,-6.3312262],[106.8423279,-6.3311447],[106.8418547,-6.3309124],[106.841417,-6.3304314],[106.8405054,-6.3297172],[106.8402063,-6.3292798],[106.8405558,-6.328718],[106.8408032,-6.3281344],[106.8410433,-6.3274341],[106.8411378,-6.3269673],[106.8414802,-6.3266535],[106.8417794,-6.3271419],[106.8419108,-6.3275794],[106.8422608,-6.3276157],[106.8426397,-6.3275352],[106.843113,-6.3267107],[106.8431419,-6.3263096],[106.84293,-6.3256023],[106.8425652,-6.3250628],[106.8419304,-6.3241006],[106.8408875,-6.3232334],[106.839976,-6.3226651],[106.8400995,-6.322118],[106.8408793,-6.321782],[106.8409155,-6.3214319],[106.8406894,-6.3212862],[106.8402667,-6.3213886],[106.8397566,-6.3215567],[106.8391954,-6.3216519],[106.8388965,-6.3216812],[106.838459,-6.3213825],[106.8383348,-6.3210252],[106.838473,-6.3205],[106.8388516,-6.3198653],[106.8394342,-6.3190772],[106.8397474,-6.3187124],[106.8402211,-6.3185224],[106.840651,-6.3183398],[106.8412341,-6.3182519],[106.8419483,-6.3180837],[106.8425022,-6.3179667],[106.8431439,-6.3183017],[106.8434867,-6.3185932],[106.8438874,-6.318345],[106.8441131,-6.3178927],[106.8440253,-6.3174478],[106.8440833,-6.3169592],[106.8443673,-6.3165506],[106.8446954,-6.3165649],[106.8453661,-6.3168124],[106.8458036,-6.3170382],[106.8461826,-6.3169432],[106.8466634,-6.3165053],[106.8468526,-6.3160676],[106.8473771,-6.3155202],[106.8477997,-6.3152866],[106.8484483,-6.315133],[106.8487474,-6.3153953],[106.8488206,-6.3159568],[106.8486753,-6.3166279],[106.8484788,-6.3171677],[106.8482531,-6.317445],[106.8478595,-6.3175766],[106.847189,-6.3176427],[106.84681,-6.317745],[106.8467592,-6.3180805],[106.8472186,-6.3182771],[106.8482755,-6.3183567],[106.8486256,-6.3185825],[106.8489975,-6.3188448],[106.8493837,-6.3186841],[106.8493977,-6.3178235],[106.8494413,-6.3175317],[106.8504248,-6.3168309],[106.8508329,-6.316641],[106.851394,-6.3164],[106.8516635,-6.3161227],[106.8518164,-6.3158308],[106.8511816,-6.3148394],[106.8512396,-6.3144237],[106.8513851,-6.313986],[106.85172,-6.3133658],[106.8520477,-6.3129426],[106.8522151,-6.3125705],[106.8522436,-6.3116297],[106.8523016,-6.3112067],[106.8524472,-6.3109075],[106.8528481,-6.3109729],[106.8546131,-6.3124158],[106.8547591,-6.312722],[106.8547741,-6.313444],[106.8548619,-6.313794],[106.855168,-6.3138667],[106.8554086,-6.3138447],[106.8558822,-6.3135964],[106.8564212,-6.3130126],[106.8577178,-6.3118229],[106.8581767,-6.3113777],[106.8583077,-6.311064],[106.8583003,-6.310816],[106.8577972,-6.3106559],[106.857287,-6.3106927],[106.8569589,-6.3105252],[106.8568348,-6.3102482],[106.8568709,-6.3097376],[106.8569288,-6.3092271],[106.8573583,-6.3083443],[106.8575986,-6.3080816],[106.8576713,-6.3077023],[106.8576418,-6.3072428],[106.8574592,-6.3066668],[106.8574516,-6.3063022],[106.857663,-6.3061926],[106.8581293,-6.3060246],[106.8585082,-6.3057982],[106.8585267,-6.3055736]]],[[[106.8582783,-6.3055974],[106.8579812,-6.3055635],[106.8574318,-6.3055526],[106.8565306,-6.3055423],[106.8558752,-6.3054165],[106.8553895,-6.3052853],[106.8571217,-6.3045712],[106.8579454,-6.3049324],[106.8582559,-6.3052648],[106.8582783,-6.3055974]]]]}},{"type":"Feature","properties":{"id":34,"nama_kp":"PONDOK GEDE","aj":"KRAMATJATI","nama_area":"PONDOK GEDE","kd_kp":null,"kd_area":null},"geometry":{"type":"MultiPolygon","coordinates":[[[[106.9138702,-6.2580094],[106.9152409,-6.2582769],[106.9185189,-6.2583591],[106.9260211,-6.2580138],[106.9351198,-6.2576246],[106.9570891,-6.2564607],[106.9623159,-6.2554948],[106.966934,-6.2532286],[106.9705207,-6.2509491],[106.9723988,-6.2498305],[106.974687,-6.2491216],[106.9777666,-6.2487229],[106.9797448,-6.2488625],[106.9824015,-6.2494539],[106.9867973,-6.2514857],[106.9889742,-6.2526147],[106.9936666,-6.2544483],[106.9937247,-6.2561166],[106.9932037,-6.258054],[106.9927801,-6.2583371],[106.9919465,-6.2582955],[106.9914379,-6.2583525],[106.9910711,-6.2589184],[106.9901115,-6.2601352],[106.988884,-6.2619601],[106.9882921,-6.2636148],[106.9882227,-6.2649439],[106.9888176,-6.2665409],[106.9893555,-6.2676573],[106.9893136,-6.2681522],[106.988763,-6.2686334],[106.9881136,-6.2691854],[106.9848509,-6.2704467],[106.9836927,-6.2707871],[106.983043,-6.2710705],[106.9829305,-6.2716927],[106.9827196,-6.2727956],[106.9824376,-6.273418],[106.9831165,-6.2742373],[106.9835973,-6.2746469],[106.983584,-6.2754811],[106.9837261,-6.2763575],[106.9842637,-6.2771487],[106.984872,-6.2779541],[106.9850988,-6.2787173],[106.9850712,-6.2794666],[106.9848035,-6.2802586],[106.9844788,-6.2805982],[106.9841117,-6.2808531],[106.9836171,-6.280797],[106.9832496,-6.2806701],[106.9829951,-6.28043],[106.9830089,-6.2800341],[106.9833334,-6.2795389],[106.9837284,-6.2789165],[106.983643,-6.2782097],[106.9835015,-6.2780402],[106.9831482,-6.2778991],[106.9818903,-6.2775185],[106.9805623,-6.2776611],[106.9799546,-6.2775627],[106.9794033,-6.2772098],[106.9786964,-6.2767156],[106.9781877,-6.2767302],[106.9779195,-6.2770415],[106.97792,-6.2775222],[106.9780196,-6.2782573],[106.9778362,-6.2786109],[106.9774266,-6.278795],[106.976692,-6.2789088],[106.976028,-6.2789518],[106.9747565,-6.2791368],[106.9746156,-6.2795611],[106.9748702,-6.2798719],[106.9754355,-6.2800693],[106.9760291,-6.280196],[106.977216,-6.2802656],[106.9779226,-6.2803639],[106.978375,-6.2806321],[106.9787851,-6.2810418],[106.9788987,-6.2816496],[106.9787298,-6.2823708],[106.9784334,-6.2826962],[106.9780663,-6.2829793],[106.9775577,-6.2831495],[106.9769361,-6.2831783],[106.9763991,-6.2831647],[106.9759614,-6.2835044],[106.9756792,-6.2839005],[106.9754394,-6.2843531],[106.9750019,-6.2848625],[106.974861,-6.2853716],[106.9748333,-6.2859089],[106.9749609,-6.2863895],[106.9752444,-6.2874778],[106.9752593,-6.2882696],[106.9751892,-6.2888493],[106.9750057,-6.2891322],[106.9743416,-6.2890621],[106.9735925,-6.2888083],[106.9731265,-6.2890915],[106.9729008,-6.2896007],[106.9725343,-6.2904776],[106.972295,-6.2914816],[106.9720982,-6.2926552],[106.9719152,-6.293433],[106.9719719,-6.2936026],[106.9731881,-6.2947467],[106.9738811,-6.2954247],[106.9741783,-6.2959334],[106.9741363,-6.2964424],[106.9741368,-6.296909],[106.9741654,-6.2973048],[106.9738971,-6.2974747],[106.9712275,-6.2985375],[106.971143,-6.2988769],[106.9714683,-6.2992159],[106.9719064,-6.2993569],[106.9727119,-6.2993986],[106.9730935,-6.2995113],[106.973334,-6.299808],[106.9735325,-6.300543],[106.9738015,-6.3011931],[106.9740422,-6.3016736],[106.9745086,-6.3018146],[106.9749328,-6.3021394],[106.9750462,-6.3025493],[106.9750607,-6.3029451],[106.9748065,-6.3031716],[106.9742132,-6.3033135],[106.9733233,-6.3035688],[106.972038,-6.3041637],[106.9719674,-6.3042769],[106.9720673,-6.305422],[106.9726499,-6.3089984],[106.9727075,-6.3102142],[106.9728355,-6.3110341],[106.9732884,-6.3118396],[106.9738257,-6.3123198],[106.978716,-6.3135595],[106.9798609,-6.3140109],[106.9803276,-6.3143639],[106.9807943,-6.3148159],[106.9807947,-6.3152683],[106.9805689,-6.3156078],[106.9786201,-6.3168396],[106.9768834,-6.3182974],[106.9764601,-6.3190047],[106.976319,-6.3192452],[106.9763903,-6.3198955],[106.976942,-6.3206019],[106.9773386,-6.321676],[106.9771838,-6.3223265],[106.976902,-6.323274],[106.9765495,-6.3240802],[106.9768187,-6.324801],[106.9771588,-6.3259176],[106.9772159,-6.3265679],[106.9770618,-6.3280101],[106.9770487,-6.3291412],[106.9769787,-6.329834],[106.9772196,-6.330569],[106.9771073,-6.3313326],[106.9767685,-6.3316863],[106.9759065,-6.3317437],[106.9752141,-6.3317019],[106.9751853,-6.3311223],[106.9749159,-6.3301187],[106.9742517,-6.3300627],[106.9735737,-6.3304027],[106.9730655,-6.3309121],[106.9726424,-6.3318032],[106.9725866,-6.3326515],[106.9727989,-6.3330472],[106.9738162,-6.3329049],[106.9744238,-6.3328337],[106.9750744,-6.3334551],[106.9752304,-6.3341336],[106.9755843,-6.3348261],[106.9755706,-6.3352644],[106.9751044,-6.3354203],[106.974497,-6.3356612],[106.9742996,-6.3360997],[106.9742858,-6.3364531],[106.973919,-6.3371745],[106.9734391,-6.3377263],[106.9730722,-6.3382498],[106.9729738,-6.3388154],[106.9729461,-6.3395223],[106.9729891,-6.3401302],[106.9735402,-6.3401439],[106.9741901,-6.3399453],[106.9747408,-6.3395914],[106.9753624,-6.339407],[106.9760266,-6.3393923],[106.9760833,-6.3396184],[106.9761686,-6.340198],[106.9759996,-6.3408061],[106.9755902,-6.3411741],[106.97511,-6.3414573],[106.9743471,-6.34167],[106.9735561,-6.3421232],[106.9729347,-6.3424913],[106.9723414,-6.3427464],[106.971635,-6.3428884],[106.9709709,-6.3429455],[106.9702639,-6.3423948],[106.9697405,-6.3418015],[106.9683553,-6.3414069],[106.9676913,-6.3415913],[106.9666738,-6.3416063],[106.9664481,-6.3419741],[106.9664344,-6.3424265],[106.9672542,-6.3427227],[106.9680739,-6.3428209],[106.9682155,-6.3431036],[106.9681879,-6.3438246],[106.9685137,-6.3447292],[106.9687968,-6.345252],[106.9694897,-6.3458169],[106.9703523,-6.3463817],[106.9714404,-6.3464231],[106.9723731,-6.3464788],[106.9727264,-6.3464785],[106.9728538,-6.3467753],[106.9728259,-6.347157],[106.9725297,-6.3477087],[106.9718517,-6.3480345],[106.9711455,-6.3484451],[106.9701,-6.3487288],[106.9695776,-6.3492241],[106.9668238,-6.3511635],[106.966457,-6.3518425],[106.9664856,-6.352309],[106.966712,-6.352634],[106.967122,-6.3528457],[106.9677723,-6.3530996],[106.9679986,-6.3533397],[106.9682534,-6.3538061],[106.9687347,-6.3546963],[106.96882,-6.3552476],[106.9683689,-6.3565205],[106.9681011,-6.3573266],[106.9679608,-6.3584012],[106.9680039,-6.3591929],[106.9679624,-6.3601402],[106.9675957,-6.3609747],[106.9678508,-6.3617379],[106.9689683,-6.3629952],[106.9694351,-6.3635037],[106.9694355,-6.3638855],[106.9692096,-6.3641967],[106.9686727,-6.3643244],[106.9679519,-6.3641837],[106.9671605,-6.3641703],[106.9664683,-6.3644678],[106.9659879,-6.3645107],[106.9657757,-6.3642422],[106.9655065,-6.3635497],[106.9650964,-6.363239],[106.9645312,-6.3632396],[106.9641356,-6.3633389],[106.9638532,-6.3636219],[106.963797,-6.3640037],[106.9638965,-6.3645832],[106.9641939,-6.3653747],[106.9648738,-6.3671131],[106.964931,-6.3678765],[106.9648893,-6.3685976],[106.9650736,-6.3692336],[106.965498,-6.3697846],[106.9654984,-6.3702229],[106.9653575,-6.3706048],[106.9647499,-6.3706901],[106.9642555,-6.3709875],[106.9640864,-6.3715532],[106.9637477,-6.3720483],[106.9633665,-6.3724162],[106.9629994,-6.3728266],[106.9625193,-6.3731946],[106.9621382,-6.3737746],[106.9619268,-6.3743686],[106.9617013,-6.3750474],[106.9613767,-6.3755849],[106.9615048,-6.3765886],[106.9617598,-6.3773236],[106.962071,-6.3776061],[106.9625092,-6.3777188],[106.9628765,-6.3775629],[106.9633143,-6.3772798],[106.9637665,-6.3772794],[106.9641484,-6.3776466],[106.9642195,-6.378099],[106.9641634,-6.3785656],[106.9637681,-6.3789618],[106.9634574,-6.3792307],[106.9629489,-6.3794715],[106.9626098,-6.3796132],[106.9620734,-6.3802782],[106.9616641,-6.3808865],[106.9616927,-6.3812823],[106.9618773,-6.3822294],[106.9619062,-6.3829646],[106.9618079,-6.3836857],[106.9613985,-6.3841526],[106.9610597,-6.3845629],[106.9605934,-6.384634],[106.9597595,-6.3845641],[106.9588267,-6.3844235],[106.9581057,-6.3841697],[106.9575688,-6.3843257],[106.9573852,-6.3844672],[106.9572868,-6.3849904],[106.9574144,-6.3855276],[106.9575422,-6.3862061],[106.9575428,-6.3868423],[106.9573457,-6.3877473],[106.9571907,-6.3882706],[106.956979,-6.3885818],[106.956442,-6.3885964],[106.9560604,-6.3885967],[106.9556646,-6.3884133],[106.9545761,-6.3881456],[106.9535585,-6.3880051],[106.9529649,-6.3880057],[106.9526258,-6.388006],[106.9524564,-6.388303],[106.9527396,-6.3889248],[106.9526129,-6.3894622],[106.9518088,-6.3910888],[106.9516253,-6.3913434],[106.9486846,-6.3901019],[106.9469884,-6.3896792],[106.9428042,-6.3885093],[106.9408532,-6.3877334],[106.9376861,-6.3859547],[106.934646,-6.3840486],[106.9327795,-6.3827495],[106.9319594,-6.3823402],[106.9308853,-6.3821997],[106.9295851,-6.3822291],[106.9257551,-6.3820626],[106.9251049,-6.3819076],[106.924313,-6.3812296],[106.9224603,-6.3795628],[106.9205228,-6.3778254],[106.918699,-6.3769221],[106.9159844,-6.3753973],[106.9152071,-6.3753414],[106.9097238,-6.3753741],[106.9083671,-6.3753186],[106.9084517,-6.3751347],[106.908621,-6.374668],[106.9084795,-6.3744278],[106.9080412,-6.3741878],[106.9079561,-6.373891],[106.90797,-6.3735658],[106.9082666,-6.3733676],[106.908535,-6.3731977],[106.9085772,-6.3729432],[106.9084357,-6.3727171],[106.9079834,-6.3725902],[106.9078419,-6.3724631],[106.9080113,-6.3721944],[106.908096,-6.3719822],[106.9079543,-6.3715299],[106.907855,-6.3710917],[106.9081942,-6.3711056],[106.9085051,-6.3710912],[106.908943,-6.3708222],[106.9093385,-6.3705957],[106.9098188,-6.3704539],[106.9101014,-6.3702982],[106.9103131,-6.3700435],[106.9102704,-6.369676],[106.9102277,-6.3692518],[106.9104396,-6.3691244],[106.9106656,-6.3689829],[106.9106369,-6.3684881],[106.9106225,-6.3681063],[106.9107495,-6.3678235],[106.9111593,-6.3677949],[106.9111592,-6.3677383],[106.911908,-6.367455],[106.9121199,-6.3673134],[106.9121907,-6.3675396],[106.9120214,-6.3679638],[106.9120924,-6.3683031],[106.9123044,-6.3683736],[106.9124881,-6.3683028],[106.9124735,-6.3677373],[106.912558,-6.3674403],[106.9127275,-6.3672422],[106.913123,-6.367044],[106.9135185,-6.3667609],[106.9139139,-6.366492],[106.9142102,-6.3658979],[106.9143936,-6.3654029],[106.914478,-6.364908],[106.9146472,-6.3644555],[106.9147035,-6.3642716],[106.915,-6.3638614],[106.9149291,-6.3635645],[106.9148865,-6.3633242],[106.9150559,-6.3631261],[106.9153809,-6.3631259],[106.915706,-6.3631822],[106.9157908,-6.3631821],[106.9161863,-6.3628707],[106.916073,-6.3626163],[106.9156206,-6.3623481],[106.9149277,-6.3618679],[106.9146588,-6.3613875],[106.9147151,-6.3611047],[106.9151814,-6.3610195],[106.9153791,-6.3608496],[106.9155201,-6.360383],[106.9152657,-6.3603266],[106.9150397,-6.3604682],[106.9147145,-6.3603271],[106.91446,-6.360101],[106.9142477,-6.3596912],[106.9142049,-6.3592388],[106.9143317,-6.3588146],[106.9145295,-6.3587013],[106.915687,-6.3570462],[106.9161955,-6.3568479],[106.9167324,-6.3567343],[106.9171137,-6.3563381],[106.9169579,-6.3558717],[106.9165195,-6.3555328],[106.9158127,-6.355293],[106.9154451,-6.3550529],[106.9155297,-6.3548266],[106.9162924,-6.354317],[106.9165322,-6.3537655],[106.916998,-6.3530299],[106.9166443,-6.3525778],[106.9168418,-6.3520828],[106.9167564,-6.3513901],[106.9167703,-6.3510649],[106.9172081,-6.3507818],[106.9176178,-6.3506542],[106.9178295,-6.3502581],[106.9171506,-6.3495801],[106.9167122,-6.349128],[106.9163304,-6.3488173],[106.9163726,-6.3485345],[106.9166974,-6.3482939],[106.9170648,-6.3482087],[106.9173048,-6.3480106],[106.9171915,-6.3476572],[106.9168377,-6.3470496],[106.9165266,-6.3467388],[106.9165121,-6.3463288],[106.9166816,-6.3462014],[106.9171055,-6.3461869],[106.9173315,-6.3460878],[106.9171618,-6.3458476],[106.9170485,-6.3455366],[106.9170764,-6.345169],[106.9173864,-6.343967],[106.9179328,-6.3438399],[106.9182986,-6.3438396],[106.9185829,-6.3436888],[106.9187286,-6.3436549],[106.9186851,-6.3436385],[106.9189329,-6.3435429],[106.9192714,-6.3436272],[106.9195252,-6.3435847],[106.9195885,-6.3434577],[106.9193342,-6.3428865],[106.9191014,-6.3427386],[106.9189322,-6.3427176],[106.9185725,-6.3425062],[106.9185723,-6.3422946],[106.9187201,-6.3419559],[106.9189527,-6.3418499],[106.9193968,-6.3417861],[106.9196294,-6.3416801],[106.9197772,-6.3414048],[106.9195864,-6.3408971],[106.9192898,-6.3402413],[106.9190569,-6.3399241],[106.9187818,-6.3397762],[106.918528,-6.3398399],[106.9183375,-6.3396707],[106.9181891,-6.33929],[106.9184217,-6.3390993],[106.9193943,-6.3386753],[106.9196269,-6.3386539],[106.9196901,-6.3383365],[106.9194783,-6.3380192],[106.9196261,-6.3376382],[106.9196888,-6.3366647],[106.9197729,-6.3361144],[106.9197513,-6.3355642],[106.9194971,-6.3350777],[106.9197293,-6.3345273],[106.9198771,-6.3341886],[106.9198769,-6.3339347],[106.9200034,-6.3334267],[106.9205107,-6.3330454],[106.9207853,-6.3325584],[106.9209118,-6.3321351],[106.920996,-6.3315213],[106.921101,-6.3306324],[106.9207403,-6.3291937],[106.9204226,-6.3286649],[106.9200416,-6.328369],[106.9201048,-6.327988],[106.9201044,-6.3275859],[106.91966,-6.32729],[106.9191524,-6.3272481],[106.9185813,-6.3272486],[106.9183486,-6.3271218],[106.9186867,-6.3268253],[106.9189615,-6.3265711],[106.9191305,-6.326317],[106.9192148,-6.325936],[106.9189608,-6.3256823],[106.9191085,-6.325259],[106.9192775,-6.325026],[106.919912,-6.3249832],[106.9206523,-6.3249826],[106.9210536,-6.3243686],[106.9215188,-6.3241778],[106.9216663,-6.3235005],[106.9217927,-6.3229501],[106.9213906,-6.3225696],[106.9212422,-6.3222311],[106.9212207,-6.3217867],[106.9210513,-6.3215541],[106.9205435,-6.3212371],[106.9191685,-6.3209842],[106.917857,-6.3207525],[106.9173491,-6.3204143],[106.9166298,-6.3202033],[106.9158684,-6.3201827],[106.9154033,-6.3205005],[106.9142612,-6.3205014],[106.9136478,-6.3203961],[106.9136678,-6.3189571],[106.9137708,-6.3155076],[106.9137706,-6.3152325],[106.9129667,-6.3150216],[106.9130296,-6.314302],[106.9127122,-6.3140906],[106.9099626,-6.314114],[106.9080168,-6.3140943],[106.9068535,-6.3139894],[106.9054996,-6.3136731],[106.9045262,-6.3129966],[106.9033834,-6.3120664],[106.9015422,-6.3105653],[106.8983677,-6.3080495],[106.8915561,-6.3062983],[106.8894197,-6.3058555],[106.8872834,-6.3056454],[106.8850203,-6.3056259],[106.883823,-6.3055471],[106.881491,-6.2965004],[106.880713,-6.2925369],[106.8805139,-6.2901091],[106.8825428,-6.2904011],[106.8837651,-6.2906448],[106.8846942,-6.291011],[106.8856597,-6.2910347],[106.8899244,-6.2902734],[106.8954235,-6.2896333],[106.8958879,-6.2895841],[106.8968407,-6.2890698],[106.8976711,-6.288152],[106.8986111,-6.2868183],[106.8997467,-6.2854723],[106.9002354,-6.2853252],[106.9022761,-6.2850913],[106.9075923,-6.2846334],[106.9074691,-6.2842532],[106.9086796,-6.2843121],[106.9086646,-6.2842152],[106.9085897,-6.2837159],[106.9085747,-6.2834998],[106.908515,-6.2833507],[106.90847,-6.2830676],[106.9084848,-6.2828588],[106.9084176,-6.2827322],[106.9081196,-6.2825834],[106.9078886,-6.2825016],[106.9078215,-6.2824569],[106.9079256,-6.2822332],[106.9080671,-6.2821288],[106.9082011,-6.2820988],[106.9083128,-6.2820391],[106.9083574,-6.2819198],[106.9083946,-6.281808],[106.9086403,-6.281696],[106.9087221,-6.2815469],[106.9087218,-6.2811146],[106.9088334,-6.2809207],[106.9089821,-6.2805852],[106.9088776,-6.2803095],[106.9086018,-6.2801532],[106.9085347,-6.2800713],[106.9085718,-6.2798924],[106.9086834,-6.2796687],[106.908631,-6.2793855],[106.9084892,-6.2789384],[106.9084518,-6.2787447],[106.9085187,-6.2786403],[106.908615,-6.2779619],[106.9086742,-6.2773656],[106.9089644,-6.2770598],[106.9091051,-6.2759566],[106.9092015,-6.2753677],[106.9093278,-6.2750024],[106.909201,-6.2747491],[106.9091338,-6.274533],[106.9090964,-6.2743392],[106.9090738,-6.2740859],[106.9091704,-6.2737653],[106.9091852,-6.2735939],[106.909349,-6.2735117],[106.9096171,-6.2734668],[106.9096543,-6.2733773],[106.9095424,-6.2731464],[106.9096167,-6.2729674],[106.9098028,-6.272848],[106.9099369,-6.272833],[106.9099517,-6.2726839],[106.9098696,-6.2725051],[106.9097056,-6.2722966],[106.9096087,-6.2722817],[106.9095045,-6.2723042],[106.9093407,-6.2724981],[106.9092068,-6.2726324],[106.9089387,-6.2727444],[106.9087525,-6.2727743],[106.9085812,-6.2727297],[106.908447,-6.2726777],[106.908365,-6.2725659],[106.9083202,-6.2723871],[106.9083498,-6.2721635],[106.9082529,-6.2720219],[106.9080443,-6.2719848],[106.9077463,-6.2719851],[106.9075527,-6.272015],[106.9073144,-6.2721419],[106.9070836,-6.2722166],[106.9068675,-6.2720901],[106.9066663,-6.2720008],[106.9065917,-6.2718518],[106.906584,-6.2715239],[106.9063605,-6.2714942],[106.9061,-6.2717031],[106.9060255,-6.2716734],[106.906003,-6.2715318],[106.9058838,-6.2714201],[106.9057124,-6.2713233],[106.905608,-6.2712116],[106.9055558,-6.2710775],[106.9055035,-6.2708763],[106.905548,-6.2706154],[106.9055106,-6.2704365],[106.9055253,-6.2702651],[106.9055401,-6.2701309],[106.9054061,-6.270131],[106.9052721,-6.2702727],[106.9051008,-6.2702878],[106.9049815,-6.2701835],[106.9048995,-6.2700494],[106.9047431,-6.2700421],[106.9046239,-6.2701167],[106.9045496,-6.2702658],[106.9044603,-6.2703628],[106.9042815,-6.2703778],[106.9042144,-6.2702363],[106.9042142,-6.2700425],[106.9043109,-6.2698561],[106.9044151,-6.2696846],[106.9046236,-6.2696173],[106.9047352,-6.2695651],[106.9047724,-6.2694383],[106.9047797,-6.2693191],[106.904884,-6.2692519],[106.9050999,-6.2691698],[106.9052861,-6.2690727],[106.9054945,-6.2689831],[106.9056211,-6.2688563],[106.9055763,-6.2687073],[106.9053825,-6.2685137],[106.9053674,-6.2683571],[106.9055682,-6.2678651],[106.9056946,-6.2676414],[106.9057094,-6.2674699],[106.9055455,-6.2673955],[106.9053444,-6.2674628],[106.9052254,-6.267679],[106.9051957,-6.2678206],[106.9050244,-6.267791],[106.9048753,-6.2677091],[106.9047784,-6.2676123],[106.9049714,-6.2667401],[106.9049043,-6.2665687],[106.9046733,-6.2665093],[106.9045094,-6.2664274],[106.9044645,-6.2661815],[106.9044569,-6.2659951],[106.9046206,-6.2657565],[106.9047397,-6.2656446],[106.9048513,-6.2655178],[106.9048512,-6.2653539],[106.9046871,-6.2651229],[106.9046795,-6.264877],[106.9046719,-6.2647354],[106.9046942,-6.2645714],[106.9048059,-6.264534],[106.9050293,-6.2645264],[106.9051708,-6.2645114],[106.9051707,-6.2643698],[106.9050663,-6.2642432],[106.9050737,-6.2641313],[106.9051331,-6.2639673],[106.9051256,-6.2638555],[106.9048719,-6.2632967],[106.9048644,-6.2632073],[106.9049463,-6.2631998],[106.9051624,-6.263304],[106.9053861,-6.2635274],[106.9055276,-6.2635273],[106.9056318,-6.2634899],[106.9054827,-6.2633335],[106.9053111,-6.262879],[106.9048491,-6.2626409],[106.9046106,-6.2624473],[106.904454,-6.2622312],[106.9043274,-6.2622015],[106.9042379,-6.2620749],[106.9042899,-6.2619034],[106.9045354,-6.2615529],[106.9046247,-6.2614261],[106.9046171,-6.261292],[106.9046841,-6.261195],[106.9048478,-6.2609713],[106.9050339,-6.260837],[106.9052796,-6.2607027],[106.9053912,-6.2605461],[106.905257,-6.2603524],[106.9052866,-6.2601437],[106.9054056,-6.2599125],[106.9059194,-6.2596438],[106.9061352,-6.2594126],[106.9062913,-6.2590622],[106.9062241,-6.2588684],[106.906075,-6.2586971],[106.9059335,-6.2586227],[106.9057473,-6.2586303],[106.9056133,-6.2587198],[106.9055613,-6.2588987],[106.9054719,-6.2590032],[106.9054197,-6.2589138],[106.9052258,-6.2585114],[106.905069,-6.2579898],[106.9050167,-6.2578259],[106.9051208,-6.2576618],[106.9052474,-6.257617],[106.905322,-6.2577139],[106.9054711,-6.257915],[106.9056275,-6.2579149],[106.9056423,-6.2577807],[106.9056124,-6.2576018],[106.9056198,-6.2575198],[106.9057464,-6.257557],[106.9058732,-6.2576985],[106.905955,-6.2576388],[106.9061485,-6.2573778],[106.9063644,-6.2572584],[106.9065058,-6.2570943],[106.9062151,-6.2568039],[106.9060138,-6.2565953],[106.9059094,-6.2564016],[106.905656,-6.2562229],[106.9053729,-6.2560741],[106.905142,-6.2560668],[106.9048739,-6.256231],[106.9046358,-6.2565069],[106.904487,-6.2567456],[106.9044127,-6.256932],[106.9042042,-6.2569545],[106.9040476,-6.2568055],[106.9040251,-6.2565969],[106.9038239,-6.256433],[106.9038014,-6.2562691],[106.9038684,-6.2561498],[106.9039799,-6.2559783],[106.9041065,-6.2558664],[106.9041286,-6.2556055],[106.9041359,-6.2554117],[106.9041954,-6.25527],[106.9042922,-6.2551582],[106.9044187,-6.2550239],[106.9044623,-6.2549249],[106.9044527,-6.2549216],[106.90453,-6.2545245],[106.9138702,-6.2580094]],[[106.9672452,-6.3322349],[106.9666523,-6.3347663],[106.9669498,-6.3346915],[106.9680616,-6.3300011],[106.9681315,-6.3250882],[106.964709,-6.3247191],[106.9638174,-6.3260598],[106.9632233,-6.3272513],[106.9632244,-6.3285167],[106.963151,-6.3296333],[106.9626315,-6.3310481],[106.9641938,-6.3309722],[106.9672452,-6.3322349]]],[[[106.8833251,-6.3056665],[106.883823,-6.3055471],[106.8838936,-6.3060478],[106.8833251,-6.3056665]]]]}},{"type":"Feature","properties":{"id":1,"nama_kp":"CENGKARENG","aj":"TANGERANG","nama_area":"CENGKARENG","kd_kp":null,"kd_area":null},"geometry":{"type":"Polygon","coordinates":[[[106.7305517,-6.1238948],[106.7309119,-6.1229746],[106.7315603,-6.1216532],[106.7326741,-6.1224883],[106.7336984,-6.1233669],[106.7330258,-6.1241281],[106.7337193,-6.1254244],[106.7366373,-6.1288601],[106.7383788,-6.1309191],[106.7407018,-6.1336224],[106.7436128,-6.1370354],[106.7454464,-6.1378322],[106.7458538,-6.138025],[106.7450969,-6.1394659],[106.7458156,-6.1397414],[106.7469285,-6.1399933],[106.7483086,-6.1403667],[106.7490465,-6.1401456],[106.7504032,-6.1410079],[106.7501374,-6.1418997],[106.7499325,-6.1445119],[106.7499682,-6.1496864],[106.748384,-6.1517916],[106.7476174,-6.1553536],[106.7486797,-6.1554634],[106.7537522,-6.1560508],[106.7567793,-6.1567784],[106.7627414,-6.1587372],[106.7633558,-6.1587527],[106.7668933,-6.1576559],[106.767981,-6.1580951],[106.7678068,-6.1584594],[106.7676478,-6.158854],[106.7674169,-6.1593244],[106.7672843,-6.1596204],[106.7671442,-6.1598253],[106.7669472,-6.1600302],[106.7668904,-6.1601554],[106.7668528,-6.1606865],[106.7668078,-6.1616387],[106.766501,-6.1620295],[106.7663761,-6.162352],[106.7661262,-6.1629591],[106.7655051,-6.1637257],[106.7649823,-6.1642456],[106.7648989,-6.1643594],[106.7648271,-6.1647388],[106.7647666,-6.1650726],[106.7647364,-6.1653192],[106.7646798,-6.1657289],[106.7645514,-6.1667456],[106.7644872,-6.1670301],[106.7641537,-6.1673338],[106.7639037,-6.1675084],[106.7635057,-6.1675162],[106.7631912,-6.1676491],[106.7628502,-6.1678655],[106.7621606,-6.1682527],[106.7619105,-6.168397],[106.7617324,-6.1685754],[106.7613007,-6.1691825],[106.7607931,-6.1698238],[106.7603576,-6.1706472],[106.7602667,-6.1708065],[106.7600698,-6.1710911],[106.75996,-6.1712733],[106.7598509,-6.1720851],[106.759594,-6.1736215],[106.7594843,-6.1740161],[106.7593441,-6.1742741],[106.7591699,-6.1745169],[106.7588214,-6.1750027],[106.7573272,-6.1739839],[106.7554224,-6.1705794],[106.7518821,-6.1669926],[106.7429186,-6.1657338],[106.7355254,-6.1700114],[106.7310852,-6.1713408],[106.7289529,-6.1749781],[106.7282034,-6.1755556],[106.7272379,-6.175443],[106.7267717,-6.1755765],[106.7263214,-6.1757403],[106.7259894,-6.1758611],[106.7249353,-6.1763376],[106.7242855,-6.1766314],[106.7237209,-6.1772321],[106.723213,-6.1781399],[106.7224931,-6.1789942],[106.7219285,-6.1796617],[106.7214203,-6.180169],[106.7210596,-6.180529],[106.7208558,-6.1810234],[106.7208566,-6.1818118],[106.720857,-6.1821846],[106.7204899,-6.1825451],[106.7200097,-6.1828655],[106.7197839,-6.1832126],[106.7190258,-6.1836455],[106.7187387,-6.1837466],[106.7180888,-6.1839469],[106.7173355,-6.1843369],[106.7170439,-6.1847613],[106.7166363,-6.1853544],[106.7050452,-6.1852848],[106.7049805,-6.1852062],[106.7033519,-6.1840885],[106.7020348,-6.1830308],[106.7020164,-6.1831045],[106.7019397,-6.1833504],[106.7018967,-6.1834764],[106.7011991,-6.1834337],[106.7012022,-6.1833876],[106.70082,-6.1833121],[106.7007519,-6.1833985],[106.7005194,-6.1833588],[106.7003584,-6.1835914],[106.7001492,-6.1837575],[106.7000861,-6.1837858],[106.6998534,-6.1838425],[106.6996379,-6.1839132],[106.6993965,-6.1839579],[106.6990956,-6.1839208],[106.6988206,-6.1838318],[106.698412,-6.1837651],[106.6981928,-6.1837837],[106.6979736,-6.1838247],[106.6976913,-6.1839957],[106.6956034,-6.1852696],[106.6946279,-6.1858585],[106.6943626,-6.1853071],[106.6940233,-6.185461],[106.6938907,-6.1854346],[106.6937528,-6.1854028],[106.6935672,-6.1853976],[106.6927671,-6.1851433],[106.6923641,-6.1850002],[106.6920035,-6.184942],[106.6918285,-6.1849633],[106.6914308,-6.1850642],[106.6911445,-6.1851226],[106.6910279,-6.1851757],[106.6906355,-6.1851812],[106.6904552,-6.1851759],[106.6901264,-6.1850435],[106.6902437,-6.1845767],[106.6904029,-6.1841323],[106.6906603,-6.1837884],[106.6907447,-6.1837663],[106.6908181,-6.1836745],[106.6909906,-6.183377],[106.6912329,-6.1833402],[106.6912328,-6.1830208],[106.6909721,-6.1830539],[106.6908693,-6.1830246],[106.6908582,-6.1827896],[106.6909367,-6.1820409],[106.6910045,-6.1819199],[106.6910334,-6.1816972],[106.691198,-6.1816972],[106.691164,-6.1813874],[106.6912027,-6.181368],[106.6916625,-6.1812178],[106.6916915,-6.1811355],[106.6918996,-6.1810821],[106.6920647,-6.1810203],[106.6923804,-6.1807957],[106.6925162,-6.1806642],[106.6926038,-6.1806247],[106.6926958,-6.1806115],[106.6928228,-6.180239],[106.6928709,-6.1799892],[106.6928779,-6.1797106],[106.6929002,-6.1794861],[106.6929749,-6.1790671],[106.6929674,-6.1790297],[106.6928439,-6.1790036],[106.6928739,-6.1789512],[106.6930758,-6.1787641],[106.6937961,-6.1780782],[106.693848,-6.1779782],[106.6938879,-6.1778263],[106.6938879,-6.1776984],[106.6938839,-6.1776184],[106.6938359,-6.1775345],[106.6938318,-6.1774545],[106.6937638,-6.1773266],[106.6938054,-6.177327],[106.6938728,-6.1773365],[106.6939243,-6.1773364],[106.6941079,-6.1773294],[106.6942545,-6.1773057],[106.6944064,-6.1772827],[106.6944324,-6.1772774],[106.6944393,-6.1772705],[106.6944072,-6.1771674],[106.6943736,-6.1770674],[106.6943514,-6.1770391],[106.6943157,-6.1770281],[106.6943058,-6.1770047],[106.6943181,-6.1769358],[106.6943217,-6.1767278],[106.694329,-6.1765439],[106.6943429,-6.1765142],[106.6943804,-6.1765081],[106.6944118,-6.1764994],[106.6944301,-6.1764759],[106.6944257,-6.1764366],[106.6944274,-6.17638],[106.6945131,-6.1762679],[106.694541,-6.1762088],[106.6945409,-6.1761118],[106.6945425,-6.1759951],[106.6945704,-6.175816],[106.6945884,-6.1756862],[106.6946197,-6.1756845],[106.6946394,-6.1756664],[106.6946459,-6.1756253],[106.6947355,-6.1752595],[106.6947696,-6.1751912],[106.6948607,-6.1751855],[106.6949632,-6.1751114],[106.6951283,-6.175043],[106.6952365,-6.1750373],[106.6952763,-6.174986],[106.6952877,-6.1749405],[106.6954072,-6.174929],[106.6956463,-6.1748549],[106.6957887,-6.1747353],[106.6955193,-6.1746504],[106.6952703,-6.1745662],[106.695088,-6.1744898],[106.6948703,-6.1744115],[106.694637,-6.1743645],[106.6944998,-6.1742783],[106.6940637,-6.1740479],[106.6940056,-6.1740259],[106.6939274,-6.1740419],[106.6937671,-6.1741442],[106.693713,-6.1741382],[106.6936387,-6.1739979],[106.6936127,-6.174008],[106.6935105,-6.1741022],[106.6934784,-6.1740982],[106.6934764,-6.1740481],[106.6934664,-6.174018],[106.6934303,-6.1740301],[106.6933281,-6.1740482],[106.6933619,-6.1736704],[106.6933641,-6.1732732],[106.6933594,-6.1732386],[106.6933363,-6.1732293],[106.6930223,-6.1732087],[106.6930038,-6.1732294],[106.6929461,-6.1733588],[106.6928815,-6.1733796],[106.692318,-6.1732828],[106.692229,-6.173288],[106.6921459,-6.1733063],[106.6920588,-6.1733076],[106.6919808,-6.1732881],[106.6916248,-6.1731323],[106.6914535,-6.173067],[106.691412,-6.1730722],[106.6913418,-6.1730853],[106.691269,-6.1730762],[106.6909987,-6.1729775],[106.6907856,-6.1729347],[106.6904541,-6.1728603],[106.6903702,-6.1728311],[106.6902706,-6.1728194],[106.6900911,-6.1728136],[106.6899115,-6.1727824],[106.6896401,-6.1727103],[106.6893941,-6.1725796],[106.6893336,-6.1724605],[106.6893101,-6.1723551],[106.6892867,-6.1723181],[106.689193,-6.1722888],[106.688579,-6.1721188],[106.6882705,-6.1720696],[106.6878164,-6.1720204],[106.6872365,-6.1719663],[106.686713,-6.1719167],[106.686567,-6.1718987],[106.6864715,-6.1718681],[106.6863778,-6.1718249],[106.6862354,-6.1717799],[106.6861615,-6.1717619],[106.6861254,-6.1717565],[106.6861164,-6.1717691],[106.6861417,-6.1717979],[106.6861885,-6.1718376],[106.6861904,-6.1719042],[106.6861994,-6.1719637],[106.6862788,-6.1722196],[106.6863467,-6.1725571],[106.6863659,-6.1727307],[106.6863747,-6.1729577],[106.6863544,-6.1730749],[106.686329,-6.1731169],[106.6858733,-6.1731272],[106.6858402,-6.1731043],[106.6857867,-6.1728307],[106.6857446,-6.1727416],[106.6856835,-6.1726881],[106.6855982,-6.1726513],[106.6852869,-6.172543],[106.6850315,-6.1724371],[106.6848576,-6.1723475],[106.684915,-6.1720691],[106.6849822,-6.1716233],[106.6850098,-6.1713348],[106.6850029,-6.1711704],[106.6850029,-6.1709924],[106.6849652,-6.1709308],[106.6850165,-6.1708281],[106.6850747,-6.1706808],[106.6851567,-6.1703384],[106.684133,-6.1694085],[106.6988771,-6.1668545],[106.7022952,-6.1664009],[106.7056074,-6.1658341],[106.7057322,-6.16387],[106.7058728,-6.1620474],[106.7055264,-6.1593923],[106.7054475,-6.1583396],[106.7065457,-6.1565795],[106.7084186,-6.1564221],[106.7112453,-6.1561308],[106.7131541,-6.1563036],[106.7149011,-6.1558797],[106.7166446,-6.1549317],[106.7176082,-6.1542133],[106.7190391,-6.1535321],[106.7209458,-6.1533755],[106.7230042,-6.1536415],[106.7282232,-6.154945],[106.7279426,-6.1504392],[106.7280279,-6.1499473],[106.7282516,-6.1485887],[106.7286523,-6.1474039],[106.7294173,-6.1446961],[106.73033,-6.1399301],[106.7305238,-6.1361114],[106.7305223,-6.1325666],[106.7303485,-6.1282863],[106.7302852,-6.1265022],[106.7303161,-6.125704],[106.7304408,-6.1247884],[106.7305517,-6.1238948]]]}},{"type":"Feature","properties":{"id":29,"nama_kp":"KAPUK","aj":"GAMBIR","nama_area":"BANDENGAN","kd_kp":"230","kd_area":"210"},"geometry":{"type":"Polygon","coordinates":[[[106.7668898,-6.1574918],[106.7641536,-6.158352],[106.763046,-6.1584276],[106.7622318,-6.1584748],[106.7610468,-6.1581062],[106.7567665,-6.1567142],[106.7537882,-6.1560064],[106.7492105,-6.1554964],[106.7478838,-6.1552708],[106.7485641,-6.1519245],[106.7503277,-6.1497377],[106.7502149,-6.1444092],[106.7503685,-6.1418997],[106.750583,-6.1410079],[106.7490465,-6.1401456],[106.7483086,-6.1403667],[106.7469285,-6.1399933],[106.7458156,-6.1397414],[106.7450969,-6.1394659],[106.7458538,-6.138025],[106.7454464,-6.1378322],[106.7436128,-6.1370354],[106.7382779,-6.1309191],[106.7366373,-6.1288601],[106.7359345,-6.1281346],[106.7337193,-6.1254244],[106.7330258,-6.1241281],[106.7336984,-6.1233669],[106.7326741,-6.1224883],[106.7315603,-6.1216532],[106.7320871,-6.1207991],[106.7325798,-6.1191952],[106.7321301,-6.1155873],[106.7306127,-6.1138022],[106.7331,-6.1107357],[106.7373258,-6.1056127],[106.737389,-6.1043073],[106.7370605,-6.1023532],[106.7371639,-6.1007349],[106.7380498,-6.0994319],[106.7258624,-6.086211],[106.7160762,-6.073077],[106.7155757,-6.0312776],[106.6964261,-6.0196656],[106.6031148,-5.9561799],[106.5460026,-5.9229691],[106.4593501,-5.7851144],[106.4419644,-5.5393564],[106.4355786,-5.486978],[106.6411307,-5.4795055],[106.72457,-5.6716953],[106.7212349,-5.7345676],[106.7132957,-5.9292172],[106.7190689,-5.9785061],[106.7383976,-6.0992388],[106.7396016,-6.100363],[106.7403017,-6.1003846],[106.7417448,-6.101013],[106.744672,-6.1013797],[106.7459719,-6.0992324],[106.7507772,-6.0998054],[106.7529598,-6.1018233],[106.7574219,-6.1033691],[106.7605684,-6.1031803],[106.7636337,-6.1025183],[106.7665234,-6.0975022],[106.7671347,-6.1033478],[106.7675674,-6.1058428],[106.7673152,-6.1073261],[106.7670738,-6.1083268],[106.7677825,-6.1091782],[106.7686719,-6.1099416],[106.7690942,-6.1110934],[106.7700369,-6.1122265],[106.7696477,-6.1134416],[106.7691743,-6.1142795],[106.7691934,-6.1150012],[106.7697366,-6.115686],[106.7714407,-6.115866],[106.7727819,-6.1163522],[106.773574,-6.1170529],[106.7740206,-6.1184721],[106.7740198,-6.1192447],[106.7732888,-6.1201967],[106.7730469,-6.1210141],[106.7757012,-6.1256374],[106.7824519,-6.1323552],[106.785132,-6.135989],[106.7855434,-6.1364177],[106.7853358,-6.1366232],[106.7858673,-6.1375141],[106.7949815,-6.1534789],[106.7933182,-6.1564355],[106.7907087,-6.1618051],[106.7903848,-6.1623805],[106.7902137,-6.162738],[106.7898875,-6.1634988],[106.7893503,-6.1648147],[106.7884349,-6.1671337],[106.7869822,-6.1667075],[106.7861449,-6.1664877],[106.7852375,-6.1658245],[106.784957,-6.1656881],[106.7844149,-6.165567],[106.7837971,-6.1654422],[106.781193,-6.1649011],[106.7802872,-6.1649168],[106.779423,-6.1649514],[106.7787672,-6.1647469],[106.7780507,-6.164459],[106.7763865,-6.1638074],[106.7747982,-6.1631937],[106.7723075,-6.1622352],[106.7705486,-6.1615609],[106.7698851,-6.1612199],[106.7697031,-6.1609962],[106.7692402,-6.1598887],[106.7689289,-6.159005],[106.7688306,-6.158613],[106.7681796,-6.1581522],[106.7668898,-6.1574918]]]}},{"type":"Feature","properties":{"id":15,"nama_kp":"GROGOL","aj":"GAMBIR","nama_area":"MENTENG","kd_kp":"110","kd_area":"110"},"geometry":{"type":"Polygon","coordinates":[[[106.8085745,-6.1612444],[106.8107719,-6.1608248],[106.810674,-6.1624676],[106.8106017,-6.1637276],[106.8105379,-6.1648499],[106.8104868,-6.1656885],[106.8106166,-6.1672064],[106.810716,-6.1682082],[106.8108112,-6.1693262],[106.8109409,-6.1706291],[106.8110013,-6.1711537],[106.8110403,-6.1716826],[106.8110791,-6.1719535],[106.811372,-6.1730799],[106.8121687,-6.1762659],[106.8124831,-6.17756],[106.8128923,-6.1792713],[106.8133101,-6.1809653],[106.8133617,-6.1810856],[106.8134262,-6.181236],[106.8135085,-6.1814419],[106.8135472,-6.1815881],[106.8136204,-6.1818289],[106.8137926,-6.1822416],[106.8140292,-6.1828907],[106.8143262,-6.183742],[106.8145328,-6.1842751],[106.8145931,-6.1844729],[106.8151091,-6.1851864],[106.8153456,-6.1855087],[106.815595,-6.1858225],[106.8156645,-6.1870824],[106.8155317,-6.1877662],[106.8154718,-6.1881533],[106.815313,-6.1884414],[106.8153003,-6.1887898],[106.8153094,-6.1897616],[106.815228,-6.1901616],[106.8151724,-6.1905142],[106.8150868,-6.191069],[106.8148682,-6.1919807],[106.8146669,-6.1930301],[106.8145856,-6.1936966],[106.8145086,-6.1942686],[106.8144664,-6.1955501],[106.8144071,-6.1969175],[106.8143517,-6.197769],[106.8143819,-6.1979453],[106.8143992,-6.1982076],[106.8145369,-6.19853],[106.8155437,-6.2009507],[106.8158796,-6.2021029],[106.8164567,-6.2043902],[106.8168702,-6.2060756],[106.8172147,-6.2073139],[106.8174556,-6.2077953],[106.8175762,-6.2082597],[106.8178176,-6.2094464],[106.8178695,-6.2101258],[106.8178361,-6.2117083],[106.8179399,-6.212766],[106.8182587,-6.2141677],[106.8183965,-6.2147094],[106.815579,-6.2169214],[106.8124405,-6.2194265],[106.8117614,-6.2184141],[106.8107561,-6.2169581],[106.8099556,-6.215794],[106.8097241,-6.2154262],[106.8095534,-6.215176],[106.8091133,-6.2144707],[106.8086771,-6.2138754],[106.8082143,-6.2133332],[106.8077213,-6.2128632],[106.8069855,-6.2121808],[106.8066896,-6.2117675],[106.8061509,-6.2108726],[106.8056539,-6.2102053],[106.8049143,-6.2093522],[106.8034009,-6.2076082],[106.8024186,-6.2064822],[106.8018116,-6.2056556],[106.8013639,-6.2049541],[106.8001724,-6.2025504],[106.7994856,-6.2011624],[106.7991251,-6.2004457],[106.7987038,-6.1995356],[106.7983432,-6.1986254],[106.7980319,-6.1977265],[106.7978534,-6.1970969],[106.7976483,-6.1963194],[106.7975267,-6.1957847],[106.7973974,-6.1950033],[106.7973022,-6.1942106],[106.7972866,-6.1934482],[106.7972519,-6.1924619],[106.7972173,-6.1914567],[106.7971748,-6.1901519],[106.7971251,-6.1893098],[106.7971019,-6.188536],[106.7970637,-6.1879025],[106.7970329,-6.1870642],[106.7970097,-6.1863359],[106.7969788,-6.1853459],[106.7969328,-6.1842724],[106.7969209,-6.1834758],[106.7933581,-6.1835082],[106.7933504,-6.1832275],[106.7933162,-6.1830302],[106.7932744,-6.1829278],[106.7932024,-6.1827913],[106.7929483,-6.1825638],[106.7927435,-6.1824274],[106.792679,-6.1822567],[106.7926182,-6.1819381],[106.7926673,-6.1815702],[106.7924664,-6.1815513],[106.7905864,-6.1815751],[106.7904765,-6.1815145],[106.7903779,-6.1813743],[106.7899874,-6.1812152],[106.7893277,-6.1809159],[106.789195,-6.1808742],[106.7890055,-6.1808743],[106.7888008,-6.1809237],[106.7889413,-6.1813561],[106.7885017,-6.1814739],[106.7881948,-6.1815423],[106.7881079,-6.1821834],[106.7836468,-6.1821972],[106.7833565,-6.1850802],[106.7827084,-6.1851906],[106.7826477,-6.1851261],[106.7821697,-6.1841932],[106.7817485,-6.1833551],[106.7808759,-6.1817624],[106.7804017,-6.1808941],[106.7801209,-6.1803784],[106.7800677,-6.1800446],[106.7800668,-6.1783414],[106.7798128,-6.1783377],[106.7794397,-6.1783265],[106.7789898,-6.1783267],[106.7790092,-6.1789112],[106.7781859,-6.1789116],[106.7782052,-6.1790936],[106.7780137,-6.1791129],[106.7780044,-6.1795728],[106.7781767,-6.1796398],[106.7781003,-6.1800135],[106.7779185,-6.1800519],[106.7779091,-6.1805405],[106.7777177,-6.1805694],[106.7777185,-6.1820449],[106.7772602,-6.1820412],[106.7772681,-6.1826936],[106.7754403,-6.1818247],[106.7720373,-6.1811338],[106.7694988,-6.1794612],[106.7664416,-6.1782507],[106.7640763,-6.1768089],[106.7588214,-6.1750027],[106.7591699,-6.1745169],[106.7593441,-6.1742741],[106.7594843,-6.1740161],[106.759594,-6.1736215],[106.7598509,-6.1720851],[106.75996,-6.1712733],[106.7600698,-6.1710911],[106.7602667,-6.1708065],[106.7603576,-6.1706472],[106.7607931,-6.1698238],[106.7613007,-6.1691825],[106.7617324,-6.1685754],[106.7619105,-6.168397],[106.7621606,-6.1682527],[106.7628502,-6.1678655],[106.7631912,-6.1676491],[106.7635057,-6.1675162],[106.7639037,-6.1675084],[106.7641537,-6.1673338],[106.7644872,-6.1670301],[106.7645514,-6.1667456],[106.7646798,-6.1657289],[106.7647364,-6.1653192],[106.7647666,-6.1650726],[106.7648271,-6.1647388],[106.7648989,-6.1643594],[106.7649823,-6.1642456],[106.7655051,-6.1637257],[106.7661262,-6.1629591],[106.7663761,-6.162352],[106.766501,-6.1620295],[106.7668078,-6.1616387],[106.7668528,-6.1606865],[106.7668904,-6.1601554],[106.7669472,-6.1600302],[106.7671442,-6.1598253],[106.7672843,-6.1596204],[106.7674169,-6.1593244],[106.7676478,-6.158854],[106.7678068,-6.1584594],[106.767981,-6.1580951],[106.7681667,-6.1582164],[106.7687279,-6.1586258],[106.7689289,-6.159005],[106.7692402,-6.1598887],[106.7697031,-6.1609962],[106.7698851,-6.1612199],[106.7705486,-6.1615609],[106.7723075,-6.1622352],[106.7747982,-6.1631937],[106.7763865,-6.1638074],[106.7780507,-6.164459],[106.7787672,-6.1647469],[106.779423,-6.1649514],[106.7802872,-6.1649168],[106.781193,-6.1649011],[106.7816857,-6.165026],[106.7837971,-6.1654422],[106.7844149,-6.165567],[106.784957,-6.1656881],[106.7852375,-6.1658245],[106.7861449,-6.1664877],[106.7869822,-6.1667075],[106.7869822,-6.1667075],[106.7884074,-6.1672481],[106.7893587,-6.1647764],[106.7902742,-6.162669],[106.7907653,-6.1616778],[106.7933078,-6.1565243],[106.7942664,-6.1536576],[106.7950062,-6.1534172],[106.7969362,-6.1583109],[106.7974951,-6.1593129],[106.797809,-6.1600487],[106.7984986,-6.161424],[106.7989576,-6.161212],[106.7994576,-6.1609846],[106.7998847,-6.1608289],[106.8002864,-6.1605786],[106.8006263,-6.160383],[106.8008632,-6.1601167],[106.8010827,-6.1598452],[106.8016188,-6.1598142],[106.8016759,-6.1601559],[106.8018883,-6.1604251],[106.8022758,-6.1607616],[106.8028799,-6.1612596],[106.8041418,-6.1617492],[106.8046558,-6.1617357],[106.8081235,-6.161275],[106.8085745,-6.1612444]]]}}]}